frame,brightness,contrast,sharpness
frame_001585.jpg,102.99870300292969,57.7955436706543,7.043708801269531
frame_001584.jpg,102.74491119384766,57.971134185791016,7.048240661621094
frame_001587.jpg,103.6016845703125,57.621578216552734,7.023611068725586
frame_001586.jpg,103.1956787109375,57.58937454223633,7.015568733215332
frame_001589.jpg,103.94782257080078,57.44502639770508,6.9806389808654785
frame_001588.jpg,103.60006713867188,57.622825622558594,7.0251688957214355
frame_001591.jpg,104.32295989990234,57.293495178222656,6.909358501434326
frame_001590.jpg,103.94481658935547,57.446895599365234,6.983133792877197
frame_001593.jpg,106.53426361083984,56.381412506103516,6.761812210083008
frame_001594.jpg,106.85479736328125,55.667694091796875,6.655801773071289
frame_001592.jpg,105.08772277832031,57.23426818847656,6.883535385131836
frame_001595.jpg,106.89682006835938,55.637210845947266,6.656012535095215
frame_001596.jpg,107.17865753173828,55.21492004394531,6.640508651733398
frame_001598.jpg,107.1515884399414,55.20991134643555,6.651724815368652
frame_001597.jpg,107.15151977539062,55.21015930175781,6.65064811706543
frame_001600.jpg,107.10200500488281,55.173641204833984,6.65410041809082
frame_001599.jpg,107.10289764404297,55.174224853515625,6.652091026306152
frame_001602.jpg,107.33219146728516,55.192138671875,6.625469207763672
frame_001601.jpg,107.3338623046875,55.190025329589844,6.6219987869262695
frame_001603.jpg,107.93978118896484,55.41853713989258,6.598639011383057
frame_001604.jpg,108.26025390625,55.56913375854492,6.630263328552246
frame_001607.jpg,108.26505279541016,55.58941650390625,6.642312049865723
frame_001606.jpg,108.25828552246094,55.590797424316406,6.64725399017334
frame_001605.jpg,108.25929260253906,55.59083557128906,6.64412784576416
frame_001608.jpg,108.2647705078125,55.590415954589844,6.644238471984863
frame_001609.jpg,109.82714080810547,56.37596893310547,6.587512016296387
frame_001611.jpg,115.33831024169922,58.70149612426758,6.412264823913574
frame_001610.jpg,112.38402557373047,57.27591323852539,6.448042869567871
frame_001613.jpg,114.35757446289062,60.195735931396484,6.319421768188477
frame_001612.jpg,115.33561706542969,58.70116424560547,6.423707008361816
frame_001615.jpg,114.16828918457031,60.62640380859375,6.01103401184082
frame_001614.jpg,114.21106719970703,60.11471939086914,6.060839653015137
frame_001617.jpg,114.9762191772461,60.348575592041016,6.140211582183838
frame_001616.jpg,114.1633529663086,60.628414154052734,6.017633438110352
frame_001619.jpg,115.35955047607422,61.018062591552734,6.27953577041626
frame_001621.jpg,114.06056213378906,60.16769027709961,5.722844123840332
frame_001618.jpg,114.97228240966797,60.351226806640625,6.1513214111328125
frame_001620.jpg,115.35757446289062,61.01983642578125,6.2869157791137695
frame_001622.jpg,114.06037139892578,60.17300033569336,5.733795166015625
frame_001623.jpg,114.39307403564453,60.614200592041016,5.829961776733398
frame_001625.jpg,111.89540100097656,63.79456329345703,6.059826374053955
frame_001624.jpg,114.39156341552734,60.615997314453125,5.839604377746582
frame_001627.jpg,111.04666900634766,65.08207702636719,6.0892109870910645
frame_001628.jpg,110.32777404785156,62.380374908447266,5.894749164581299
frame_001629.jpg,111.8258056640625,61.17119216918945,5.9428510665893555
frame_001626.jpg,111.89408874511719,63.79602813720703,6.0694780349731445
frame_001631.jpg,113.34609985351562,61.05659866333008,6.170872688293457
frame_001630.jpg,111.82417297363281,61.17404556274414,5.952682018280029
frame_001633.jpg,114.3659896850586,60.54703903198242,6.057785511016846
frame_001632.jpg,113.34367370605469,61.05968475341797,6.183168411254883
frame_001634.jpg,113.71337890625,60.02963638305664,6.082662582397461
frame_001635.jpg,112.1102294921875,59.252960205078125,6.168349266052246
frame_001636.jpg,111.52127838134766,59.250938415527344,6.2308855056762695
frame_001637.jpg,111.58087158203125,59.46038055419922,6.281055450439453
frame_001638.jpg,111.57875061035156,59.460411071777344,6.2878618240356445
frame_001641.jpg,111.57526397705078,60.444664001464844,6.4328718185424805
frame_001640.jpg,111.5709457397461,60.28508377075195,6.3914337158203125
frame_001642.jpg,111.75367736816406,60.63868713378906,6.4509782791137695
frame_001639.jpg,111.57395935058594,60.15809631347656,6.371537208557129
frame_001643.jpg,111.8186264038086,60.93574523925781,6.542198657989502
frame_001644.jpg,111.88356018066406,61.19678497314453,6.530502796173096
frame_001647.jpg,111.96733093261719,61.661712646484375,6.5363664627075195
frame_001645.jpg,111.88151550292969,61.19801712036133,6.534759521484375
frame_001648.jpg,111.54093170166016,61.7817268371582,6.537621974945068
frame_001646.jpg,111.9682846069336,61.66021728515625,6.530689239501953
frame_001650.jpg,111.51677703857422,62.025299072265625,6.612051010131836
frame_001649.jpg,111.5377197265625,61.78449249267578,6.545945167541504
frame_001652.jpg,110.62456512451172,60.45329666137695,6.553593635559082
frame_001651.jpg,111.40617370605469,61.80179977416992,6.6004486083984375
frame_001653.jpg,110.15522003173828,58.58843994140625,6.520364761352539
frame_001655.jpg,105.41841125488281,55.939788818359375,6.408233642578125
frame_001654.jpg,105.30850219726562,55.890602111816406,6.387633323669434
frame_001656.jpg,103.56082153320312,55.730403900146484,6.367803573608398
frame_001658.jpg,103.20977783203125,56.1552619934082,6.448037147521973
frame_001657.jpg,103.33429718017578,55.97563171386719,6.391715049743652
frame_001660.jpg,102.1791000366211,55.94007110595703,6.510873794555664
frame_001659.jpg,103.20604705810547,56.154319763183594,6.460844993591309
frame_001662.jpg,103.11956787109375,55.91206741333008,6.638512134552002
frame_001661.jpg,102.17642211914062,55.942020416259766,6.519996643066406
frame_001664.jpg,103.60782623291016,55.810848236083984,6.719182968139648
frame_001663.jpg,103.11725616455078,55.91372299194336,6.6498918533325195
frame_001666.jpg,107.32054138183594,55.48818588256836,7.063661575317383
frame_001665.jpg,104.67988586425781,55.78976821899414,6.857052326202393
frame_001668.jpg,108.97901916503906,56.20357894897461,7.219976425170898
frame_001667.jpg,108.40357208251953,55.78736114501953,7.153329849243164
frame_001670.jpg,109.6530532836914,56.654052734375,7.342971324920654
frame_001669.jpg,109.50909423828125,56.467533111572266,7.322532653808594
frame_001671.jpg,109.65325927734375,56.655887603759766,7.347057342529297
frame_001672.jpg,111.76615905761719,56.66345977783203,7.381572723388672
frame_001675.jpg,112.68077087402344,56.513641357421875,7.406314849853516
frame_001673.jpg,113.10289764404297,56.9057502746582,7.4257001876831055
frame_001674.jpg,113.00249481201172,56.72118377685547,7.420623779296875
frame_001676.jpg,112.48936462402344,56.444190979003906,7.4149980545043945
frame_001678.jpg,111.61515808105469,56.197078704833984,7.469063758850098
frame_001677.jpg,112.15597534179688,56.36038589477539,7.459265232086182
frame_001679.jpg,110.97050476074219,56.228912353515625,7.477254867553711
frame_001682.jpg,110.64955139160156,55.84974670410156,7.571907997131348
frame_001680.jpg,110.94586944580078,56.14049530029297,7.591770172119141
frame_001681.jpg,110.81512451171875,56.08967590332031,7.594803810119629
frame_001683.jpg,110.64673614501953,55.852413177490234,7.577391624450684
frame_001686.jpg,111.8932876586914,57.23483657836914,7.604233741760254
frame_001684.jpg,110.81195831298828,56.30581283569336,7.641802787780762
frame_001685.jpg,110.80635833740234,56.30827331542969,7.654594421386719
frame_001687.jpg,111.89075469970703,57.24131393432617,7.623095512390137
frame_001688.jpg,111.57781982421875,57.072227478027344,7.617910385131836
frame_001690.jpg,110.4485092163086,56.66257858276367,7.564927101135254
frame_001689.jpg,110.8827896118164,56.839073181152344,7.568482398986816
frame_001692.jpg,110.62552642822266,56.82223892211914,7.54518985748291
frame_001694.jpg,111.8431396484375,57.66118621826172,7.656232833862305
frame_001691.jpg,110.44742584228516,56.664756774902344,7.57276725769043
frame_001693.jpg,111.60624694824219,57.505794525146484,7.549281120300293
frame_001695.jpg,111.77749633789062,57.53273010253906,7.687270164489746
frame_001698.jpg,111.45387268066406,56.932037353515625,7.631717681884766
frame_001697.jpg,111.49259185791016,57.215641021728516,7.676041603088379
frame_001696.jpg,111.49468994140625,57.215396881103516,7.671313762664795
frame_001699.jpg,111.24243927001953,56.718406677246094,7.656733512878418
frame_001700.jpg,111.41495513916016,56.701148986816406,7.615182399749756
frame_001701.jpg,111.93310546875,56.89347839355469,7.626690864562988
frame_001702.jpg,111.73295593261719,56.76018142700195,7.58405065536499
frame_001703.jpg,112.05106353759766,56.56019592285156,7.601044654846191
frame_001705.jpg,112.51567840576172,56.62107849121094,7.54854679107666
frame_001704.jpg,112.24706268310547,56.581356048583984,7.538098335266113
frame_001707.jpg,111.82811737060547,56.7463493347168,7.4082159996032715
frame_001706.jpg,112.77490997314453,56.531768798828125,7.499235153198242
frame_001709.jpg,109.93484497070312,56.901973724365234,7.189578056335449
frame_001708.jpg,110.65845489501953,56.710548400878906,7.319546699523926
frame_001711.jpg,109.0348892211914,56.594722747802734,7.219473838806152
frame_001710.jpg,109.54630279541016,56.88768005371094,7.223410606384277
frame_001713.jpg,108.23672485351562,56.22819137573242,7.1752495765686035
frame_001712.jpg,108.69672393798828,56.423362731933594,7.216168403625488
frame_001715.jpg,107.33098602294922,56.07842254638672,7.169732093811035
frame_001714.jpg,108.0174560546875,56.23394012451172,7.202605247497559
frame_001717.jpg,105.68848419189453,55.81374740600586,7.219561576843262
frame_001716.jpg,106.5525894165039,55.930137634277344,7.19599723815918
frame_001718.jpg,104.75853729248047,55.733028411865234,7.288467884063721
frame_001719.jpg,104.75226593017578,55.73556900024414,7.301905632019043
frame_001720.jpg,102.51615142822266,55.27931213378906,7.164139270782471
frame_001722.jpg,100.40473175048828,55.14582443237305,7.089413642883301
frame_001724.jpg,100.11997985839844,55.125877380371094,7.079189300537109
frame_001723.jpg,100.24909210205078,55.19638442993164,7.076080799102783
frame_001721.jpg,102.51365661621094,55.28495407104492,7.176405906677246
frame_001725.jpg,99.8428955078125,55.04475784301758,7.1096954345703125
frame_001728.jpg,98.72514343261719,54.6643180847168,7.113876819610596
frame_001727.jpg,99.37764739990234,54.727508544921875,7.089081764221191
frame_001726.jpg,99.84475708007812,54.96206283569336,7.116060733795166
frame_001729.jpg,98.40967559814453,54.50780487060547,7.108133316040039
frame_001732.jpg,96.90632629394531,54.287994384765625,7.128054141998291
frame_001731.jpg,97.48927307128906,54.33332443237305,7.117103576660156
frame_001730.jpg,98.04390716552734,54.43622970581055,7.130490303039551
frame_001733.jpg,96.4830093383789,54.19879150390625,7.113088607788086
frame_001734.jpg,96.10989379882812,54.122371673583984,7.100802421569824
frame_001736.jpg,96.1956787109375,54.52638626098633,6.983242988586426
frame_001735.jpg,96.10783386230469,54.12434005737305,7.105948448181152
frame_001738.jpg,96.05879974365234,54.52263641357422,6.825441360473633
frame_001737.jpg,96.41571044921875,54.720035552978516,6.886832237243652
frame_001740.jpg,95.43346405029297,53.823246002197266,6.82324743270874
frame_001739.jpg,95.89337158203125,54.155818939208984,6.812089920043945
frame_001741.jpg,94.74279022216797,53.44461441040039,6.791322708129883
frame_001743.jpg,94.00479888916016,53.18965530395508,6.757037162780762
frame_001742.jpg,94.00606536865234,53.18900680541992,6.751458644866943
frame_001746.jpg,90.27558898925781,51.75431823730469,6.609607696533203
frame_001744.jpg,92.45188903808594,52.64824676513672,6.762951850891113
frame_001745.jpg,91.43046569824219,52.2530403137207,6.676135063171387
frame_001748.jpg,88.35975646972656,51.15635681152344,6.580275058746338
frame_001747.jpg,89.3438949584961,51.431217193603516,6.639240264892578
frame_001749.jpg,87.40234375,51.10078430175781,6.576854705810547
frame_001751.jpg,85.88090515136719,51.02655029296875,6.517984390258789
frame_001750.jpg,86.60140991210938,51.02730178833008,6.532803058624268
frame_001753.jpg,84.87879943847656,50.915164947509766,6.403013229370117
frame_001752.jpg,85.33832550048828,51.05089569091797,6.446086883544922
frame_001754.jpg,84.05416107177734,50.58761978149414,6.34928035736084
frame_001755.jpg,83.5116958618164,50.40738296508789,6.310482501983643
frame_001758.jpg,83.98505401611328,50.526344299316406,6.38616943359375
frame_001757.jpg,83.98914337158203,50.52317428588867,6.377902030944824
frame_001759.jpg,82.55248260498047,49.52541732788086,6.214629173278809
frame_001756.jpg,83.31732940673828,49.949913024902344,6.297501564025879
frame_001761.jpg,81.68734741210938,48.88947296142578,6.162858009338379
frame_001763.jpg,79.82603454589844,48.78168487548828,6.035027503967285
frame_001764.jpg,79.5890884399414,49.2011833190918,6.011327266693115
frame_001760.jpg,81.687255859375,48.886680603027344,6.157795429229736
frame_001762.jpg,80.35982513427734,48.33588790893555,6.066261291503906
frame_001765.jpg,79.83641815185547,49.54628372192383,6.067793846130371
frame_001768.jpg,80.47941589355469,50.033050537109375,6.09901237487793
frame_001766.jpg,80.12976837158203,49.845191955566406,6.087059020996094
frame_001767.jpg,80.3852310180664,50.0009651184082,6.068659782409668
frame_001769.jpg,80.91278839111328,50.196903228759766,6.115042686462402
frame_001772.jpg,81.9776382446289,51.215087890625,6.1609296798706055
frame_001773.jpg,81.97798156738281,51.216270446777344,6.165677070617676
frame_001770.jpg,81.99981689453125,51.184295654296875,6.148563385009766
frame_001774.jpg,80.3761978149414,50.06684494018555,6.101360321044922
frame_001771.jpg,82.41361236572266,51.6190185546875,6.181909561157227
frame_001776.jpg,78.59896850585938,48.79899978637695,6.026366710662842
frame_001778.jpg,80.43963623046875,50.23995590209961,6.032400131225586
frame_001775.jpg,79.17518615722656,49.12251663208008,6.0570149421691895
frame_001779.jpg,80.23936462402344,50.180816650390625,6.007137298583984
frame_001777.jpg,79.65560913085938,49.4876708984375,6.040860652923584
frame_001781.jpg,78.2471694946289,49.76017379760742,5.957047462463379
frame_001780.jpg,79.41731262207031,49.971580505371094,5.974695205688477
frame_001782.jpg,77.40896606445312,49.55990982055664,5.90294885635376
frame_001783.jpg,77.08293914794922,49.60062789916992,5.868756294250488
frame_001784.jpg,76.74147033691406,49.79719924926758,5.83284854888916
frame_001785.jpg,76.81365966796875,50.197837829589844,5.855246543884277
frame_001786.jpg,75.88652038574219,50.22118377685547,5.8177313804626465
frame_001787.jpg,75.08113861083984,50.258548736572266,5.803133964538574
frame_001788.jpg,74.6036148071289,50.48072814941406,5.818717956542969
frame_001789.jpg,74.27042388916016,50.68280792236328,5.788787841796875
frame_001790.jpg,73.35870361328125,50.83713912963867,5.778004169464111
frame_001791.jpg,72.62128448486328,51.1619758605957,5.770661354064941
frame_001792.jpg,71.77947998046875,51.44026184082031,5.809078216552734
frame_001793.jpg,71.1932601928711,51.56037139892578,5.787386417388916
frame_001795.jpg,70.65721893310547,52.09500503540039,5.777726173400879
frame_001794.jpg,70.75455474853516,51.75075149536133,5.753393173217773
frame_001796.jpg,70.45183563232422,52.24675369262695,5.7571587562561035
frame_001797.jpg,70.12799072265625,52.22480010986328,5.7306036949157715
frame_001798.jpg,70.09659576416016,52.41182327270508,5.732911586761475
frame_001799.jpg,70.09932708740234,52.415565490722656,5.737741470336914
frame_001800.jpg,69.89567565917969,52.754154205322266,5.719112396240234
frame_001801.jpg,69.89665222167969,52.887725830078125,5.734492301940918
frame_001802.jpg,69.62944030761719,53.09036636352539,5.660543918609619
frame_001803.jpg,69.35643768310547,53.22471618652344,5.6035943031311035
frame_001804.jpg,69.62773895263672,53.62596893310547,5.580756187438965
frame_001805.jpg,69.8470687866211,53.86751937866211,5.584994316101074
frame_001806.jpg,70.57484436035156,53.51628494262695,5.583064556121826
frame_001807.jpg,71.68717956542969,52.996456146240234,5.547922134399414
frame_001808.jpg,72.16963195800781,53.071529388427734,5.583648681640625
frame_001809.jpg,72.65034484863281,53.0982551574707,5.534601211547852
frame_001810.jpg,73.28003692626953,53.32712173461914,5.517246723175049
frame_001811.jpg,73.90457916259766,53.43072509765625,5.544448375701904
frame_001812.jpg,74.83563995361328,53.71202087402344,5.556480407714844
frame_001813.jpg,75.88653564453125,54.02897262573242,5.564641952514648
frame_001814.jpg,76.73344421386719,54.25851058959961,5.589452743530273
frame_001815.jpg,78.09957122802734,54.555076599121094,5.629318714141846
frame_001816.jpg,79.42633056640625,54.61979675292969,5.705848217010498
frame_001817.jpg,80.16452026367188,54.495460510253906,5.743554592132568
frame_001818.jpg,80.29493713378906,54.52744674682617,5.7907819747924805
frame_001819.jpg,80.53495025634766,54.42840576171875,5.793686866760254
frame_001820.jpg,80.79341125488281,54.4007568359375,5.811018466949463
frame_001821.jpg,80.82952880859375,54.40946578979492,5.810277938842773
frame_001822.jpg,80.77843475341797,54.49745178222656,5.837734222412109
frame_001823.jpg,80.84979248046875,54.53555679321289,5.84065055847168
frame_001824.jpg,80.94285583496094,54.557865142822266,5.845719337463379
frame_001825.jpg,80.9828872680664,54.5694694519043,5.849193572998047
frame_001826.jpg,81.16305541992188,54.6621208190918,5.87548828125
frame_001827.jpg,81.13157653808594,54.63502502441406,5.8598480224609375
frame_001828.jpg,81.6568603515625,54.815223693847656,5.8763427734375
frame_001829.jpg,82.10039520263672,54.7777214050293,5.906750202178955
frame_001830.jpg,82.56009674072266,54.79084396362305,5.907925605773926
frame_001831.jpg,82.62963104248047,54.841094970703125,5.91292667388916
frame_001832.jpg,82.55369567871094,54.74150085449219,5.909372806549072
frame_001833.jpg,82.59642028808594,54.754581451416016,5.9236226081848145
frame_001835.jpg,82.9364242553711,54.8908805847168,5.945040702819824
frame_001834.jpg,82.89864349365234,54.87321472167969,5.934674263000488
frame_001836.jpg,82.99568939208984,54.90153121948242,5.950469017028809
frame_001837.jpg,83.01869201660156,54.910823822021484,5.961442470550537
frame_001838.jpg,83.3099365234375,54.96567916870117,5.976770401000977
frame_001839.jpg,83.35840606689453,54.97422790527344,5.981812477111816
frame_001840.jpg,83.41703033447266,54.90825271606445,5.999181270599365
frame_001841.jpg,83.4340591430664,54.922889709472656,6.01002311706543
frame_001842.jpg,83.50565338134766,54.95598602294922,6.022658348083496
frame_001844.jpg,83.55093383789062,54.984405517578125,6.045239448547363
frame_001843.jpg,83.52825164794922,54.97016143798828,6.0328826904296875
frame_001845.jpg,83.87660217285156,55.12358093261719,6.050396919250488
frame_001846.jpg,84.29214477539062,55.25136184692383,6.050559043884277
frame_001847.jpg,84.31609344482422,55.233856201171875,6.038703918457031
frame_001848.jpg,84.32418060302734,55.29723358154297,6.04865837097168
frame_001850.jpg,84.75811004638672,55.37310028076172,6.043824195861816
frame_001849.jpg,84.5457763671875,55.4057502746582,6.043417930603027
frame_001851.jpg,84.95844268798828,55.335819244384766,6.044806957244873
frame_001852.jpg,84.91805267333984,55.28475570678711,6.022219657897949
frame_001853.jpg,84.91764068603516,55.24415588378906,5.973334312438965
frame_001854.jpg,85.1146011352539,55.35322189331055,5.944568634033203
frame_001855.jpg,85.19206237792969,55.46013259887695,5.890713214874268
frame_001856.jpg,85.25907897949219,55.4521598815918,5.888003349304199
frame_001857.jpg,85.45095825195312,55.4210205078125,5.890416145324707
frame_001858.jpg,85.9680404663086,55.499969482421875,5.936396598815918
frame_001859.jpg,86.56500244140625,55.623626708984375,6.020325660705566
frame_001860.jpg,86.7343521118164,55.59645462036133,6.046283721923828
frame_001861.jpg,86.7425765991211,55.70701217651367,6.069963455200195
frame_001862.jpg,86.60515594482422,55.727115631103516,6.060527801513672
frame_001863.jpg,86.45268249511719,55.78318786621094,6.070172309875488
frame_001864.jpg,86.43270874023438,55.76872634887695,6.0686798095703125
frame_001865.jpg,86.74529266357422,55.7795295715332,6.069243431091309
frame_001866.jpg,86.76492309570312,55.73225784301758,6.069892406463623
frame_001867.jpg,86.79399108886719,55.74814987182617,6.090981483459473
frame_001868.jpg,86.86764526367188,55.70809555053711,6.102752685546875
frame_001869.jpg,86.88127136230469,55.651676177978516,6.104057312011719
frame_001870.jpg,86.9958724975586,55.68666076660156,6.105955123901367
frame_001871.jpg,87.10106658935547,55.75856399536133,6.12924861907959
frame_001872.jpg,87.19237518310547,55.73264694213867,6.130604267120361
frame_001873.jpg,87.11680603027344,55.63474655151367,6.119230270385742
frame_001874.jpg,87.06859588623047,55.631492614746094,6.122854232788086
frame_001875.jpg,87.22234344482422,55.71610641479492,6.10044002532959
frame_001876.jpg,87.3409194946289,55.78763961791992,6.086006164550781
frame_001877.jpg,87.40985107421875,55.863990783691406,6.068146228790283
frame_001878.jpg,87.40711212158203,55.85133743286133,6.02923583984375
frame_001879.jpg,87.36778259277344,55.83046340942383,6.000584125518799
frame_001880.jpg,87.3674545288086,55.83042907714844,6.001143455505371
frame_001881.jpg,87.48047637939453,55.87983703613281,5.985258102416992
frame_001882.jpg,88.18656158447266,55.89809799194336,5.9860711097717285
frame_001883.jpg,88.26251983642578,55.89523696899414,5.983693599700928
frame_001884.jpg,88.26890563964844,55.91056823730469,5.986105918884277
frame_001885.jpg,88.25083923339844,55.91755294799805,5.977282524108887
frame_001886.jpg,88.27272033691406,55.9052734375,5.969014644622803
frame_001887.jpg,88.31925201416016,55.86275100708008,5.948069095611572
frame_001888.jpg,88.41311645507812,55.839168548583984,5.934347629547119
frame_001889.jpg,88.35344696044922,55.8189697265625,5.94334602355957
frame_001890.jpg,88.2098159790039,55.80088806152344,5.936986923217773
frame_001891.jpg,88.159423828125,55.779727935791016,5.935906410217285
frame_001892.jpg,88.18289947509766,55.81275939941406,5.946006774902344
frame_001893.jpg,88.18277740478516,55.81377029418945,5.946866989135742
frame_001894.jpg,88.21251678466797,55.82252883911133,5.94653844833374
frame_001895.jpg,87.930908203125,55.74678421020508,5.94056510925293
frame_001896.jpg,87.9317855834961,55.7728157043457,5.936883926391602
frame_001897.jpg,88.00350952148438,55.83558654785156,5.943516731262207
frame_001898.jpg,87.87325286865234,55.84242630004883,5.947357177734375
frame_001899.jpg,81.17169952392578,36.775367736816406,4.488426685333252
frame_001900.jpg,81.1734848022461,36.777198791503906,4.494430065155029
frame_001901.jpg,126.73807525634766,48.41410446166992,4.693733215332031
frame_001902.jpg,135.11839294433594,50.28443145751953,4.6767778396606445
frame_001903.jpg,156.60772705078125,51.65677261352539,4.557638168334961
frame_001904.jpg,166.74160766601562,54.961402893066406,4.616259574890137
frame_001905.jpg,172.5254364013672,56.809288024902344,4.6418304443359375
frame_001906.jpg,171.91514587402344,56.49717712402344,4.651345252990723
frame_001907.jpg,168.06689453125,55.03767013549805,4.629574775695801
frame_001908.jpg,162.6011505126953,53.31675720214844,4.6604719161987305
frame_001909.jpg,162.5999298095703,53.314579010009766,4.660243511199951
frame_001910.jpg,159.7155303955078,52.39767837524414,4.671599388122559
frame_001911.jpg,156.8994903564453,51.56747055053711,4.685327529907227
frame_001912.jpg,154.11204528808594,50.6312255859375,4.679605484008789
frame_001913.jpg,152.46368408203125,50.083431243896484,4.669028282165527
frame_001914.jpg,150.13348388671875,49.29853439331055,4.650575637817383
frame_001915.jpg,147.8166961669922,48.65957260131836,4.645320892333984
frame_001916.jpg,147.91012573242188,48.64981460571289,4.67733097076416
frame_001917.jpg,145.93429565429688,48.59874725341797,4.742008209228516
frame_001918.jpg,145.57571411132812,49.02781295776367,4.844154357910156
frame_001919.jpg,138.168212890625,48.15101623535156,4.880548477172852
frame_001920.jpg,127.70304107666016,46.6887092590332,4.8360490798950195
frame_001921.jpg,122.1408462524414,46.2146110534668,4.875702857971191
frame_001922.jpg,116.513427734375,46.31315612792969,4.913797378540039
frame_001923.jpg,110.74028015136719,46.3588752746582,4.94869327545166
frame_001924.jpg,105.67935180664062,46.54209518432617,5.045080661773682
frame_001925.jpg,100.4703598022461,47.28300476074219,5.070537090301514
frame_001926.jpg,95.94940185546875,47.688377380371094,5.138314247131348
frame_001927.jpg,90.70308685302734,48.450740814208984,5.207437515258789
frame_001928.jpg,84.82270812988281,49.49290084838867,5.324676036834717
frame_001929.jpg,79.4688720703125,50.808284759521484,5.456182956695557
frame_001930.jpg,75.3974609375,52.23477554321289,5.569526672363281
frame_001931.jpg,74.73628234863281,52.64840316772461,5.645129203796387
frame_001932.jpg,74.8540267944336,53.56337356567383,5.578592300415039
frame_001933.jpg,75.13521575927734,53.90228271484375,5.613916397094727
frame_001934.jpg,75.33759307861328,53.942718505859375,5.613592147827148
frame_001935.jpg,75.83345794677734,53.69967269897461,5.646924018859863
frame_001936.jpg,76.34300231933594,53.691558837890625,5.696502685546875
frame_001938.jpg,77.22867584228516,53.836280822753906,5.769545555114746
frame_001937.jpg,76.44035339355469,53.60995101928711,5.6943559646606445
frame_001939.jpg,77.38513946533203,53.66151428222656,5.803631782531738
frame_001940.jpg,77.509765625,53.564762115478516,5.80647087097168
frame_001943.jpg,78.46631622314453,53.10460662841797,5.952592849731445
frame_001944.jpg,78.64197540283203,52.97410583496094,6.014230728149414
frame_001942.jpg,78.10466003417969,53.233436584472656,5.908644676208496
frame_001941.jpg,77.92888641357422,53.3172492980957,5.853720664978027
frame_001945.jpg,78.71819305419922,52.931610107421875,6.055024147033691
frame_001948.jpg,79.85015106201172,52.80949783325195,6.13809871673584
frame_001946.jpg,79.07247161865234,52.774497985839844,6.093530654907227
frame_001949.jpg,79.97460174560547,52.6479377746582,6.177054405212402
frame_001947.jpg,79.07415008544922,52.775718688964844,6.098299026489258
frame_001951.jpg,81.47955322265625,52.486080169677734,6.318293571472168
frame_001950.jpg,80.54997253417969,52.561767578125,6.228302955627441
frame_001953.jpg,82.47406005859375,52.440696716308594,6.297934532165527
frame_001952.jpg,81.89228057861328,52.41780090332031,6.301120281219482
frame_001955.jpg,83.2132797241211,52.43378829956055,6.310396194458008
frame_001954.jpg,82.96134185791016,52.47138595581055,6.317458152770996
frame_001957.jpg,83.79586791992188,52.49418258666992,6.391781806945801
frame_001959.jpg,84.60713195800781,52.58872604370117,6.468742370605469
frame_001956.jpg,83.60408782958984,52.463409423828125,6.353839874267578
frame_001958.jpg,84.22445678710938,52.521331787109375,6.410399913787842
frame_001960.jpg,84.75566101074219,52.60068130493164,6.473270416259766
frame_001961.jpg,85.15045166015625,52.812625885009766,6.559301376342773
frame_001962.jpg,85.31041717529297,52.791053771972656,6.571339130401611
frame_001963.jpg,85.68286895751953,52.871395111083984,6.651946544647217
frame_001964.jpg,85.6816635131836,52.8731575012207,6.660844802856445
frame_001965.jpg,85.55186462402344,52.76911926269531,6.680158615112305
frame_001966.jpg,85.62372589111328,52.90804672241211,6.7480363845825195
frame_001968.jpg,86.1317138671875,53.15689468383789,6.850325584411621
frame_001967.jpg,85.98754119873047,53.043636322021484,6.815828323364258
frame_001969.jpg,86.32378387451172,53.215423583984375,6.911927223205566
frame_001972.jpg,86.83744812011719,53.39529800415039,7.0492963790893555
frame_001971.jpg,86.58792877197266,53.18285369873047,7.011152267456055
frame_001970.jpg,86.5168685913086,53.20005416870117,6.945186614990234
frame_001973.jpg,86.7414779663086,53.40065383911133,7.060611248016357
frame_001974.jpg,86.67695617675781,53.245582580566406,7.041075706481934
frame_001976.jpg,86.65392303466797,53.239891052246094,7.06065559387207
frame_001975.jpg,86.73260498046875,53.274940490722656,7.051845073699951
frame_001977.jpg,86.71385192871094,53.227115631103516,7.0590105056762695
frame_001978.jpg,86.79036712646484,53.19020462036133,7.065429210662842
frame_001980.jpg,86.79508209228516,53.20360565185547,7.092059135437012
frame_001979.jpg,86.78286743164062,53.18550109863281,7.068222522735596
frame_001981.jpg,86.9788589477539,53.22117614746094,7.094013214111328
frame_001982.jpg,87.05792999267578,53.23567199707031,7.109112739562988
frame_001983.jpg,86.9354019165039,53.19436264038086,7.085062026977539
frame_001984.jpg,86.8053207397461,53.14003372192383,7.08566951751709
frame_001985.jpg,86.97484588623047,53.157493591308594,7.097194671630859
frame_001986.jpg,87.3063735961914,53.211952209472656,7.1253156661987305
frame_001987.jpg,87.70880889892578,53.248775482177734,7.18050479888916
frame_001988.jpg,87.84862518310547,53.28001403808594,7.182440280914307
frame_001989.jpg,87.5265121459961,53.174774169921875,7.173639297485352
frame_001990.jpg,87.17823791503906,52.98470687866211,7.158168315887451
frame_001991.jpg,87.100341796875,53.0268669128418,7.171863079071045
frame_001992.jpg,87.17711639404297,52.99044418334961,7.184137344360352
frame_001993.jpg,87.26531219482422,52.86280822753906,7.184957504272461
frame_001994.jpg,87.58385467529297,52.878787994384766,7.229848861694336
frame_001995.jpg,87.66673278808594,52.94352340698242,7.213769912719727
frame_001996.jpg,87.77149963378906,53.01358413696289,7.231878280639648
frame_001997.jpg,88.26072692871094,53.21910095214844,7.240298271179199
frame_001999.jpg,88.2146987915039,53.30598068237305,7.262174129486084
frame_001998.jpg,88.33769989013672,53.378639221191406,7.271428108215332
frame_002000.jpg,87.67162322998047,53.2265510559082,7.260524272918701
frame_002001.jpg,87.50540161132812,53.21514129638672,7.277122497558594
frame_002002.jpg,87.73513793945312,53.24288558959961,7.286647796630859
frame_002003.jpg,87.64507293701172,53.1706657409668,7.288195610046387
frame_002004.jpg,87.81380462646484,53.30320358276367,7.328496932983398
frame_002005.jpg,87.81935119628906,53.3022575378418,7.337162971496582
frame_002006.jpg,87.76996612548828,53.18091583251953,7.296257019042969
frame_002007.jpg,87.90360260009766,53.226783752441406,7.308923721313477
frame_002008.jpg,87.8521957397461,53.24410629272461,7.337615966796875
frame_002009.jpg,87.93489074707031,53.26231384277344,7.3430376052856445
frame_002010.jpg,87.93407440185547,53.26201248168945,7.346517562866211
frame_002011.jpg,87.9078369140625,53.265724182128906,7.358624458312988
frame_002013.jpg,87.9588623046875,53.241085052490234,7.363561630249023
frame_002012.jpg,87.90813446044922,53.266685485839844,7.360265731811523
frame_002014.jpg,87.94524383544922,53.26288604736328,7.374333381652832
frame_002015.jpg,88.07330322265625,53.294952392578125,7.378393650054932
frame_002016.jpg,88.0470199584961,53.293216705322266,7.406425476074219
frame_002018.jpg,88.02098846435547,53.26906204223633,7.413290023803711
frame_002017.jpg,88.03173065185547,53.2828254699707,7.412319183349609
frame_002019.jpg,88.02046966552734,53.251869201660156,7.415592193603516
frame_002020.jpg,88.08580017089844,53.263893127441406,7.406612396240234
frame_002021.jpg,88.07366943359375,53.246952056884766,7.405104637145996
frame_002023.jpg,88.0732650756836,53.231632232666016,7.400262832641602
frame_002022.jpg,88.07300567626953,53.247337341308594,7.406482696533203
frame_002024.jpg,88.0572509765625,53.226749420166016,7.41549015045166
frame_002025.jpg,88.0738754272461,53.22459030151367,7.410480499267578
frame_002026.jpg,88.05169677734375,53.22254180908203,7.419271469116211
frame_002027.jpg,88.0580062866211,53.23978042602539,7.479275703430176
frame_002028.jpg,88.02497863769531,53.242130279541016,7.484817028045654
frame_002029.jpg,88.02168273925781,53.238121032714844,7.48159122467041
frame_002031.jpg,88.02128601074219,53.23869323730469,7.487944602966309
frame_002030.jpg,88.02322387695312,53.23870849609375,7.482753276824951
frame_002032.jpg,88.02812957763672,53.23361587524414,7.48398494720459
frame_002033.jpg,88.0128402709961,53.235931396484375,7.488764762878418
frame_002034.jpg,88.01290130615234,53.235992431640625,7.4895219802856445
frame_002035.jpg,88.03372192382812,53.24760055541992,7.496902942657471
frame_002036.jpg,88.01332092285156,53.23637008666992,7.493910789489746
frame_002037.jpg,88.00731658935547,53.23262405395508,7.4923996925354
frame_002038.jpg,88.02113342285156,53.24663543701172,7.4946184158325195
frame_002039.jpg,88.0087661743164,53.25398254394531,7.493664741516113
frame_002040.jpg,88.0086898803711,53.25369644165039,7.493412017822266
frame_002041.jpg,88.00342559814453,53.25827407836914,7.493987083435059
frame_002042.jpg,88.0142593383789,53.23940658569336,7.484879970550537
frame_002043.jpg,88.04175567626953,53.22077941894531,7.454475402832031
frame_002044.jpg,88.03608703613281,53.23424530029297,7.455501556396484
frame_002045.jpg,88.03624725341797,53.23495864868164,7.458182334899902
frame_002046.jpg,88.1279296875,53.29313278198242,7.46433162689209
frame_002047.jpg,88.12824249267578,53.29405212402344,7.466447353363037
frame_002048.jpg,88.14307403564453,53.30547332763672,7.467083930969238
frame_002049.jpg,88.13912963867188,53.3074836730957,7.467073440551758
frame_002050.jpg,88.1386947631836,53.307376861572266,7.467626571655273
frame_002051.jpg,88.14250183105469,53.31099319458008,7.467507839202881
frame_002052.jpg,88.14227294921875,53.311058044433594,7.467796802520752
frame_002053.jpg,88.13174438476562,53.31444549560547,7.469100475311279
frame_002054.jpg,88.13175964355469,53.314613342285156,7.469321250915527
frame_002055.jpg,88.32823944091797,53.32472610473633,7.477258682250977
frame_002056.jpg,88.32713317871094,53.32590866088867,7.4792633056640625
frame_002057.jpg,88.51988983154297,53.3598518371582,7.469570159912109
frame_002059.jpg,88.3848648071289,53.39081573486328,7.492278099060059
frame_002058.jpg,88.55056762695312,53.409645080566406,7.4889960289001465
frame_002060.jpg,88.38274383544922,53.39179992675781,7.496456146240234
frame_002061.jpg,88.3442611694336,53.397830963134766,7.492447853088379
frame_002063.jpg,88.34304809570312,53.394309997558594,7.486727714538574
frame_002062.jpg,88.34358978271484,53.39848327636719,7.493056774139404
frame_002065.jpg,88.17140197753906,53.256099700927734,7.447795867919922
frame_002066.jpg,88.17153930664062,53.25624084472656,7.449090003967285
frame_002064.jpg,88.34297180175781,53.39418411254883,7.486577033996582
frame_002067.jpg,88.24683380126953,53.22163009643555,7.428408622741699
frame_002068.jpg,88.24516296386719,53.22281265258789,7.432044982910156
frame_002069.jpg,88.32998657226562,53.28754806518555,7.425277233123779
frame_002070.jpg,88.32868194580078,53.287227630615234,7.4284892082214355
frame_002071.jpg,88.28218078613281,53.29941177368164,7.424317359924316
frame_002072.jpg,88.28589630126953,53.30004119873047,7.427950859069824
frame_002073.jpg,88.28713989257812,53.30670166015625,7.431183815002441
frame_002074.jpg,88.28689575195312,53.30685043334961,7.431635856628418
frame_002075.jpg,88.280029296875,53.30705642700195,7.42818546295166
frame_002076.jpg,88.2798080444336,53.30729675292969,7.42838191986084
frame_002077.jpg,88.56666564941406,53.33723831176758,7.424398422241211
frame_002078.jpg,88.56523895263672,53.33790588378906,7.427560806274414
frame_002079.jpg,88.48347473144531,53.36751937866211,7.424908638000488
frame_002080.jpg,88.48252868652344,53.36767578125,7.427040100097656
frame_002081.jpg,88.45994567871094,53.372928619384766,7.432173728942871
frame_002082.jpg,88.45989227294922,53.37284851074219,7.432676792144775
frame_002083.jpg,88.46009063720703,53.372718811035156,7.433026313781738
frame_002084.jpg,88.4559326171875,53.37271499633789,7.433211326599121
frame_002085.jpg,88.45303344726562,53.37314987182617,7.4320220947265625
frame_002086.jpg,88.45301818847656,53.373172760009766,7.432172775268555
frame_002088.jpg,88.3548583984375,53.39265441894531,7.508939743041992
frame_002087.jpg,88.36438751220703,53.39207458496094,7.493276596069336
frame_002090.jpg,88.44125366210938,53.368526458740234,7.507039546966553
frame_002091.jpg,88.44439697265625,53.33513641357422,7.5048828125
frame_002089.jpg,88.44225311279297,53.36698913574219,7.501372337341309
frame_002092.jpg,88.40229797363281,53.364776611328125,7.494858741760254
frame_002094.jpg,88.42969512939453,53.40016555786133,7.514128684997559
frame_002093.jpg,88.43025207519531,53.399169921875,7.5115203857421875
frame_002095.jpg,88.4256362915039,53.39623260498047,7.51859188079834
frame_002098.jpg,88.43306732177734,53.40097427368164,7.524541854858398
frame_002097.jpg,88.4310531616211,53.400550842285156,7.5213141441345215
frame_002096.jpg,88.42496490478516,53.39672088623047,7.5198163986206055
frame_002099.jpg,88.43291473388672,53.40087890625,7.524769306182861
frame_002101.jpg,88.75162506103516,53.483177185058594,7.548851490020752
frame_002100.jpg,88.50926208496094,53.397579193115234,7.539130210876465
frame_002102.jpg,88.71674346923828,53.46641159057617,7.560117721557617
frame_002103.jpg,88.66387939453125,53.476348876953125,7.5625691413879395
frame_002104.jpg,88.65715789794922,53.47514724731445,7.566292762756348
frame_002105.jpg,88.65972900390625,53.47432327270508,7.568053245544434
frame_002106.jpg,88.6598129272461,53.474544525146484,7.568730354309082
frame_002107.jpg,88.65560913085938,53.47708511352539,7.566733360290527
frame_002108.jpg,88.6554183959961,53.477352142333984,7.567115783691406
frame_002109.jpg,88.65978240966797,53.47373962402344,7.572161674499512
frame_002110.jpg,88.65144348144531,53.47794723510742,7.578482151031494
frame_002111.jpg,88.64861297607422,53.47339630126953,7.572441101074219
frame_002112.jpg,88.72047424316406,53.45144271850586,7.575996398925781
frame_002113.jpg,88.65706634521484,53.427711486816406,7.56818962097168
frame_002114.jpg,88.65508270263672,53.42749786376953,7.571524620056152
frame_002115.jpg,88.6609878540039,53.474952697753906,7.595205307006836
frame_002117.jpg,88.62466430664062,53.495643615722656,7.609917640686035
frame_002116.jpg,88.65739440917969,53.47563171386719,7.598664283752441
frame_002118.jpg,88.6247329711914,53.49564743041992,7.609923362731934
frame_002119.jpg,88.6246337890625,53.49578857421875,7.609242916107178
frame_002120.jpg,88.62742614746094,53.49458694458008,7.6057353019714355
frame_002121.jpg,88.62268829345703,53.49607467651367,7.6057305335998535
frame_002122.jpg,88.6525650024414,53.47661590576172,7.575394630432129
frame_002123.jpg,88.65010833740234,53.47492218017578,7.578984260559082
frame_002124.jpg,88.64947509765625,53.475013732910156,7.579692363739014
frame_002125.jpg,88.70352172851562,53.44647979736328,7.590662479400635
frame_002126.jpg,88.69239807128906,53.4224853515625,7.596327304840088
frame_002128.jpg,88.61595153808594,53.437652587890625,7.595867156982422
frame_002127.jpg,88.61695098876953,53.43708038330078,7.5949788093566895
frame_002129.jpg,88.61531066894531,53.45809555053711,7.606838226318359
frame_002130.jpg,88.62031555175781,53.460655212402344,7.610993385314941
frame_002131.jpg,88.6047592163086,53.4522705078125,7.615078926086426
frame_002132.jpg,88.60214233398438,53.45599365234375,7.621319770812988
frame_002133.jpg,88.60626983642578,53.45543670654297,7.618284225463867
frame_002134.jpg,88.6060562133789,53.4554443359375,7.618560791015625
frame_002135.jpg,88.62065124511719,53.4719123840332,7.618823051452637
frame_002136.jpg,88.61720275878906,53.47496032714844,7.621984481811523
frame_002137.jpg,88.62113189697266,53.477699279785156,7.623152732849121
frame_002138.jpg,88.62077331542969,53.47772216796875,7.6231255531311035
frame_002139.jpg,88.62110900878906,53.480445861816406,7.623863697052002
frame_002140.jpg,88.61992645263672,53.485435485839844,7.629196643829346
frame_002141.jpg,88.61891174316406,53.48725891113281,7.627017498016357
frame_002142.jpg,88.61563110351562,53.48906326293945,7.627333641052246
frame_002143.jpg,88.62139129638672,53.490291595458984,7.6296844482421875
frame_002144.jpg,88.62128448486328,53.49034118652344,7.629907608032227
frame_002145.jpg,88.63988494873047,53.488685607910156,7.643651008605957
frame_002146.jpg,88.70288848876953,53.51404571533203,7.634866714477539
frame_002147.jpg,88.69068145751953,53.52396011352539,7.647144317626953
frame_002148.jpg,88.68810272216797,53.52268981933594,7.649344444274902
frame_002149.jpg,88.74925231933594,53.51652145385742,7.648401260375977
frame_002151.jpg,89.00300598144531,53.533599853515625,7.544086456298828
frame_002150.jpg,88.91975402832031,53.51717758178711,7.577869415283203
frame_002152.jpg,88.97777557373047,53.529563903808594,7.520146369934082
frame_002153.jpg,88.95726013183594,53.54350280761719,7.488409996032715
frame_002154.jpg,88.95769500732422,53.543540954589844,7.488725662231445
frame_002156.jpg,89.08252716064453,53.54790496826172,7.468987464904785
frame_002155.jpg,89.08253479003906,53.548709869384766,7.466513156890869
frame_002157.jpg,89.81300354003906,53.543678283691406,7.449034690856934
frame_002158.jpg,89.8099594116211,53.54447555541992,7.453055381774902
frame_002159.jpg,90.46773529052734,53.64081954956055,7.46369743347168
frame_002160.jpg,90.29150390625,53.6840705871582,7.459990978240967
frame_002161.jpg,90.27592468261719,53.72455978393555,7.468358039855957
frame_002162.jpg,90.53363800048828,53.755924224853516,7.466838836669922
frame_002163.jpg,90.91012573242188,53.812095642089844,7.492861747741699
frame_002164.jpg,90.90771484375,53.81256103515625,7.499149322509766
frame_002165.jpg,91.17339324951172,53.76272201538086,7.46038818359375
frame_002166.jpg,91.30260467529297,53.79319381713867,7.4596662521362305
frame_002167.jpg,90.89745330810547,53.612789154052734,7.389310836791992
frame_002168.jpg,90.94233703613281,54.15959548950195,7.292875289916992
frame_002169.jpg,89.94922637939453,54.842529296875,7.196688652038574
frame_002170.jpg,89.44717407226562,54.13740158081055,7.177887439727783
frame_002171.jpg,90.47345733642578,54.546756744384766,7.103598117828369
frame_002172.jpg,90.47087860107422,54.54861068725586,7.111489295959473
frame_002173.jpg,90.1278305053711,54.96698760986328,7.017172336578369
frame_002174.jpg,90.12740325927734,54.96733856201172,7.025082588195801
frame_002175.jpg,89.77494812011719,55.28728103637695,6.961525917053223
frame_002176.jpg,89.240966796875,54.9154052734375,7.027915000915527
frame_002177.jpg,90.49137115478516,54.8402099609375,7.047124862670898
frame_002178.jpg,96.59452056884766,50.932918548583984,6.861337661743164
frame_002179.jpg,97.88581085205078,51.43678665161133,6.042281150817871
frame_002180.jpg,99.35530090332031,52.13328552246094,5.64664363861084
frame_002181.jpg,99.34053039550781,50.24977493286133,5.318121910095215
frame_002182.jpg,99.34071350097656,50.25557327270508,5.329625129699707
frame_002185.jpg,123.4842529296875,50.72453689575195,5.5968918800354
frame_002183.jpg,97.20935821533203,47.150177001953125,5.0366621017456055
frame_002184.jpg,106.6845474243164,41.30183410644531,5.020062446594238
frame_002186.jpg,123.48279571533203,50.72998046875,5.611980438232422
frame_002187.jpg,116.32984924316406,48.092933654785156,5.553524971008301
frame_002188.jpg,114.66785430908203,47.290199279785156,5.555742263793945
frame_002189.jpg,90.95182037353516,41.327510833740234,5.074138641357422
frame_002190.jpg,91.30302429199219,48.38486099243164,5.319868564605713
frame_002192.jpg,64.62380981445312,60.025054931640625,4.662634372711182
frame_002191.jpg,64.53678894042969,59.83927917480469,4.594682216644287
frame_002193.jpg,64.07870483398438,59.658409118652344,4.745794773101807
frame_002194.jpg,63.75492858886719,59.39765167236328,4.782243728637695
frame_002195.jpg,63.466636657714844,59.205440521240234,4.885787010192871
frame_002197.jpg,63.718414306640625,58.68559646606445,4.925176620483398
frame_002196.jpg,63.46830749511719,59.21031951904297,4.894128799438477
frame_002198.jpg,63.41694641113281,58.60671615600586,4.980742454528809
frame_002199.jpg,63.484405517578125,58.358612060546875,4.971444129943848
frame_002200.jpg,63.487220764160156,58.362037658691406,4.975332260131836
frame_002201.jpg,63.585269927978516,58.62859344482422,5.034140586853027
frame_002202.jpg,64.6685562133789,58.520145416259766,5.074995517730713
frame_002203.jpg,64.8038558959961,58.602874755859375,5.079984664916992
frame_002204.jpg,64.80577087402344,58.60457992553711,5.085015296936035
frame_002205.jpg,65.29244995117188,58.832984924316406,5.158331871032715
frame_002206.jpg,65.19052124023438,58.91560745239258,5.1539506912231445
frame_002207.jpg,65.49986267089844,59.197513580322266,5.16612434387207
frame_002208.jpg,65.95820617675781,59.404273986816406,5.156760215759277
frame_002209.jpg,66.2493667602539,59.574798583984375,5.186121940612793
frame_002211.jpg,66.29898071289062,59.48591232299805,5.154327392578125
frame_002210.jpg,66.25055694580078,59.574974060058594,5.189837455749512
frame_002212.jpg,66.65791320800781,59.59724807739258,5.12709903717041
frame_002213.jpg,66.80606842041016,59.64280700683594,5.100824356079102
frame_002214.jpg,66.69385528564453,59.320858001708984,5.023469924926758
frame_002216.jpg,66.61837005615234,59.331302642822266,5.073078155517578
frame_002215.jpg,66.61743927001953,59.33064270019531,5.066562652587891
frame_002217.jpg,65.55782318115234,59.66202926635742,5.149247169494629
frame_002218.jpg,65.48375701904297,59.79623794555664,5.171298027038574
frame_002219.jpg,65.20407104492188,59.64533996582031,5.128755569458008
frame_002220.jpg,65.35060119628906,59.71653366088867,5.025613784790039
frame_002221.jpg,65.82994842529297,59.87464141845703,4.894908905029297
frame_002222.jpg,66.54780578613281,60.03776931762695,4.736541748046875
frame_002224.jpg,66.71543884277344,60.07939529418945,4.654213905334473
frame_002223.jpg,66.71516418457031,60.08000183105469,4.652917861938477
frame_002226.jpg,67.76206970214844,60.51795959472656,4.371253490447998
frame_002225.jpg,68.24468994140625,60.30683135986328,4.438990592956543
frame_002228.jpg,69.24556732177734,60.35400390625,4.319882869720459
frame_002227.jpg,67.7194595336914,60.292598724365234,4.342801570892334
frame_002229.jpg,71.59552764892578,60.38286590576172,4.253676414489746
frame_002230.jpg,71.89466094970703,60.515567779541016,4.253829002380371
frame_002231.jpg,71.00086212158203,60.279293060302734,4.284553050994873
frame_002232.jpg,71.07241821289062,60.36503601074219,4.290875434875488
frame_002233.jpg,70.96940612792969,60.1073112487793,4.329104423522949
frame_002234.jpg,69.9118423461914,60.06882858276367,4.292839050292969
frame_002235.jpg,69.17444610595703,59.76716995239258,4.1890058517456055
frame_002236.jpg,69.1751480102539,59.76866149902344,4.193175315856934
frame_002237.jpg,67.39219665527344,58.970951080322266,3.9733595848083496
frame_002238.jpg,67.39566040039062,58.975067138671875,3.9797558784484863
frame_002239.jpg,67.07113647460938,59.282508850097656,3.9989283084869385
frame_002240.jpg,64.40196228027344,58.42937088012695,3.988342761993408
frame_002241.jpg,62.66586685180664,57.720375061035156,4.018270969390869
frame_002242.jpg,61.99528503417969,57.67170333862305,4.010282039642334
frame_002243.jpg,61.994361877441406,57.67560958862305,4.014710426330566
frame_002244.jpg,60.83503341674805,57.28666305541992,4.036190986633301
frame_002245.jpg,61.43171691894531,57.65325927734375,4.06536340713501
frame_002246.jpg,61.432559967041016,57.65383529663086,4.070613861083984
frame_002247.jpg,63.051513671875,57.83424377441406,4.109818935394287
frame_002248.jpg,66.26951599121094,57.47600555419922,3.9506070613861084
frame_002249.jpg,77.86588287353516,62.03105163574219,3.742279529571533
frame_002250.jpg,79.00253295898438,63.23126983642578,3.726917266845703
frame_002251.jpg,79.33248138427734,63.51179122924805,3.722841739654541
frame_002252.jpg,80.50288391113281,64.20052337646484,3.758164644241333
frame_002253.jpg,82.20299530029297,67.65948486328125,4.009129524230957
frame_002254.jpg,80.30934143066406,68.91520690917969,3.9959113597869873
frame_002255.jpg,78.35865783691406,69.76141357421875,4.051152229309082
frame_002256.jpg,76.42520141601562,70.22358703613281,4.02583646774292
frame_002257.jpg,75.57106018066406,70.09495544433594,4.022324085235596
frame_002258.jpg,74.10574340820312,69.19271087646484,3.962181568145752
frame_002259.jpg,72.53425598144531,67.9331283569336,3.981560230255127
frame_002260.jpg,71.12361145019531,67.16805267333984,4.122984409332275
frame_002261.jpg,69.84284973144531,65.64960479736328,4.203364372253418
frame_002263.jpg,69.84551239013672,65.65431213378906,4.208682537078857
frame_002262.jpg,69.84498596191406,65.65350341796875,4.207785129547119
frame_002265.jpg,6.164152145385742,32.61969757080078,1.4863510131835938
frame_002266.jpg,6.150854587554932,32.56199645996094,1.48732328414917
frame_002264.jpg,69.8458480834961,65.6547622680664,4.2090983390808105
frame_002267.jpg,6.1511006355285645,32.56275939941406,1.487985372543335
frame_002268.jpg,6.149768352508545,32.55510330200195,1.4874610900878906
frame_002269.jpg,6.1510796546936035,32.56283950805664,1.4879846572875977
frame_002270.jpg,6.151127338409424,32.56292724609375,1.488032579421997
frame_002271.jpg,6.151125431060791,32.56291198730469,1.4879446029663086
frame_002272.jpg,6.151145935058594,32.562950134277344,1.4879906177520752
frame_002273.jpg,6.151053428649902,32.5628662109375,1.4880175590515137
frame_002274.jpg,6.151053428649902,32.5628662109375,1.4880175590515137
frame_002275.jpg,6.151053428649902,32.5628662109375,1.4880175590515137
frame_002276.jpg,6.151053428649902,32.5628662109375,1.4880175590515137
frame_002277.jpg,6.151053428649902,32.5628662109375,1.4880175590515137
frame_002278.jpg,6.151053428649902,32.5628662109375,1.4880175590515137
frame_002279.jpg,6.151053428649902,32.5628662109375,1.4880175590515137
frame_002280.jpg,6.151053428649902,32.5628662109375,1.4880175590515137
frame_002281.jpg,6.151053428649902,32.5628662109375,1.4880175590515137
frame_002282.jpg,6.151053428649902,32.5628662109375,1.4880175590515137
frame_002285.jpg,6.151053428649902,32.5628662109375,1.4880175590515137
frame_002283.jpg,6.151053428649902,32.5628662109375,1.4880175590515137
frame_002284.jpg,6.151053428649902,32.5628662109375,1.4880175590515137
frame_002286.jpg,6.151053428649902,32.5628662109375,1.4880175590515137
frame_002287.jpg,9.110264778137207,35.03152084350586,2.1593334674835205
frame_002288.jpg,9.08840560913086,34.972816467285156,2.158240795135498
frame_002289.jpg,9.08658218383789,34.97058868408203,2.1600499153137207
frame_002290.jpg,9.088475227355957,34.970848083496094,2.1567625999450684
frame_002291.jpg,19.151243209838867,42.32902526855469,3.7024424076080322
frame_002292.jpg,19.1452579498291,42.3250617980957,3.7067694664001465
frame_002293.jpg,19.13405990600586,42.3172721862793,3.706178665161133
frame_002294.jpg,19.098207473754883,42.26564407348633,3.718350648880005
frame_002295.jpg,19.09747314453125,42.265140533447266,3.719388961791992
frame_002296.jpg,19.098295211791992,42.26461410522461,3.718409538269043
frame_002297.jpg,19.098051071166992,42.26506805419922,3.7184648513793945
frame_002298.jpg,19.097585678100586,42.265045166015625,3.7195401191711426
frame_002300.jpg,19.09514617919922,42.25751495361328,3.714723825454712
frame_002299.jpg,19.098054885864258,42.264774322509766,3.71834397315979
frame_002301.jpg,19.097759246826172,42.265750885009766,3.7189741134643555
frame_002303.jpg,19.09818458557129,42.264984130859375,3.718561887741089
frame_002304.jpg,19.097640991210938,42.26504898071289,3.7195353507995605
frame_002302.jpg,19.098302841186523,42.2647705078125,3.718512535095215
frame_002306.jpg,19.129356384277344,42.319210052490234,3.704826831817627
frame_002305.jpg,19.089384078979492,42.260189056396484,3.715747594833374
frame_002307.jpg,19.08821678161621,42.258975982666016,3.7153916358947754
frame_002308.jpg,19.088708877563477,42.26051330566406,3.7166876792907715
frame_002309.jpg,19.088340759277344,42.2593994140625,3.715376853942871
frame_002310.jpg,19.086183547973633,42.251277923583984,3.713024139404297
frame_002311.jpg,32.20285415649414,50.90183639526367,8.639501571655273
frame_002312.jpg,32.21889877319336,50.87392807006836,8.659404754638672
frame_002314.jpg,34.34636688232422,53.76029968261719,8.828853607177734
frame_002313.jpg,34.34947204589844,53.75730514526367,8.830179214477539
frame_002315.jpg,34.342430114746094,53.756858825683594,8.836620330810547
frame_002316.jpg,34.27360534667969,53.67942428588867,8.825448989868164
frame_002317.jpg,34.27151107788086,53.676639556884766,8.819622039794922
frame_002318.jpg,34.33027648925781,53.750465393066406,8.827016830444336
frame_002319.jpg,34.33295440673828,53.75165939331055,8.827821731567383
frame_002320.jpg,34.27394104003906,53.67051315307617,8.818553924560547
frame_002322.jpg,34.27414321899414,53.67200469970703,8.819597244262695
frame_002321.jpg,34.33303451538086,53.751983642578125,8.827187538146973
frame_002323.jpg,34.274234771728516,53.67221450805664,8.819598197937012
frame_002324.jpg,34.27422332763672,53.67222213745117,8.81967544555664
frame_002325.jpg,34.27423858642578,53.67219543457031,8.819588661193848
frame_002326.jpg,34.26451873779297,53.659629821777344,8.809693336486816
frame_002327.jpg,34.299163818359375,53.657142639160156,8.776952743530273
frame_002328.jpg,34.23740005493164,53.57477951049805,8.76860237121582
frame_002329.jpg,34.24518966674805,53.59132766723633,8.773009300231934
frame_002330.jpg,34.263885498046875,53.62159729003906,8.783304214477539
frame_002331.jpg,34.2545166015625,53.59894561767578,8.78049373626709
frame_002332.jpg,34.31211853027344,53.61689376831055,8.7875337600708
frame_002333.jpg,34.3061637878418,53.66787338256836,8.786699295043945
frame_002334.jpg,34.25269317626953,53.5974235534668,8.778749465942383
frame_002335.jpg,34.244712829589844,53.580902099609375,8.773107528686523
frame_002336.jpg,34.24336242675781,53.577857971191406,8.773197174072266
frame_002337.jpg,34.24335479736328,53.5777473449707,8.77293872833252
frame_002338.jpg,34.24383544921875,53.59572982788086,8.781984329223633
frame_002339.jpg,34.24531555175781,53.599796295166016,8.784337997436523
frame_002340.jpg,34.24506759643555,53.59917068481445,8.78283977508545
frame_002341.jpg,34.24296569824219,53.594322204589844,8.778989791870117
frame_002342.jpg,34.23656463623047,53.5823860168457,8.775962829589844
frame_002343.jpg,34.29554748535156,53.663963317871094,8.784997940063477
frame_002344.jpg,34.295440673828125,53.66356658935547,8.784856796264648
frame_002345.jpg,34.29538345336914,53.66327667236328,8.784621238708496
frame_002346.jpg,34.242469787597656,53.59444046020508,8.777734756469727
frame_002348.jpg,34.23286437988281,53.57856750488281,8.779306411743164
frame_002347.jpg,34.23898696899414,53.5852165222168,8.77563762664795
frame_002349.jpg,34.24339294433594,53.58477783203125,8.781240463256836
frame_002350.jpg,34.24345779418945,53.5848503112793,8.78144645690918
frame_002351.jpg,34.23737716674805,53.5815544128418,8.781293869018555
frame_000001.jpg,64.6074447631836,55.982337951660156,11.36386489868164
frame_000002.jpg,64.60245513916016,55.987266540527344,11.362674713134766
frame_000003.jpg,64.60176086425781,55.990299224853516,11.362895965576172
frame_000004.jpg,64.60089874267578,55.98979949951172,11.36190414428711
frame_000005.jpg,64.66649627685547,55.96866989135742,11.358814239501953
frame_000006.jpg,64.66700744628906,55.9684944152832,11.358509063720703
frame_000007.jpg,64.67559051513672,55.97913360595703,11.363450050354004
frame_000008.jpg,64.60710906982422,55.9940299987793,11.359521865844727
frame_000009.jpg,64.6755599975586,55.97853088378906,11.365160942077637
frame_000010.jpg,64.67308807373047,55.98012924194336,11.366042137145996
frame_000011.jpg,64.6718978881836,55.97964859008789,11.365134239196777
frame_000012.jpg,64.65985107421875,55.96546173095703,11.362064361572266
frame_000013.jpg,64.66702270507812,55.97274398803711,11.363018035888672
frame_000014.jpg,64.66441345214844,55.96443176269531,11.357728958129883
frame_000015.jpg,64.66537475585938,55.96394348144531,11.357824325561523
frame_000016.jpg,64.66529846191406,55.96397399902344,11.358031272888184
frame_000017.jpg,64.67453002929688,55.973838806152344,11.365097045898438
frame_000018.jpg,64.6812973022461,55.97499084472656,11.365629196166992
frame_000019.jpg,64.68232727050781,55.971702575683594,11.362874984741211
frame_000020.jpg,64.67910766601562,55.96676254272461,11.360591888427734
frame_000021.jpg,64.67984008789062,55.96622848510742,11.358670234680176
frame_000022.jpg,64.67552185058594,55.96004867553711,11.357648849487305
frame_000023.jpg,64.67568969726562,55.96094512939453,11.357906341552734
frame_000024.jpg,64.68169403076172,55.968894958496094,11.362076759338379
frame_000025.jpg,64.67701721191406,55.963096618652344,11.359458923339844
frame_000026.jpg,64.67931365966797,55.9652099609375,11.360794067382812
frame_000027.jpg,64.67742156982422,55.96123504638672,11.358833312988281
frame_000028.jpg,64.68087768554688,55.95940017700195,11.35823917388916
frame_000029.jpg,64.68119812011719,55.959285736083984,11.358428001403809
frame_000030.jpg,64.68276977539062,55.958499908447266,11.35845947265625
frame_000031.jpg,64.68275451660156,55.9586181640625,11.358719825744629
frame_000032.jpg,64.69100189208984,55.96937942504883,11.366031646728516
frame_000033.jpg,64.53050231933594,55.842010498046875,11.35344123840332
frame_000034.jpg,64.53836059570312,55.846405029296875,11.349967002868652
frame_000035.jpg,64.49324035644531,55.88867950439453,11.356587409973145
frame_000036.jpg,64.50656127929688,55.95746612548828,11.398189544677734
frame_000037.jpg,64.449951171875,55.9251594543457,11.396727561950684
frame_000038.jpg,64.47691345214844,55.9384880065918,11.374385833740234
frame_000039.jpg,64.47508239746094,55.938926696777344,11.364139556884766
frame_000040.jpg,64.41407012939453,55.92511749267578,11.359926223754883
frame_000041.jpg,64.40013885498047,55.90742111206055,11.35838508605957
frame_000042.jpg,64.5016098022461,55.95267868041992,11.390949249267578
frame_000043.jpg,64.4941177368164,55.94429397583008,11.388788223266602
frame_000044.jpg,65.42333221435547,56.49401092529297,11.232270240783691
frame_000045.jpg,65.42910766601562,56.49309539794922,11.237771034240723
frame_000046.jpg,65.49134063720703,56.53379440307617,11.232362747192383
frame_000047.jpg,64.49640655517578,55.920066833496094,11.382855415344238
frame_000048.jpg,64.49564361572266,55.91916275024414,11.383052825927734
frame_000049.jpg,64.65804290771484,56.01223373413086,11.431819915771484
frame_000050.jpg,64.65142822265625,56.0307502746582,11.539913177490234
frame_000051.jpg,64.63876342773438,56.04609298706055,11.56011962890625
frame_000052.jpg,64.61119079589844,56.08795928955078,11.582422256469727
frame_000053.jpg,64.59973907470703,56.089603424072266,11.581624984741211
frame_000054.jpg,64.365234375,55.9362678527832,11.567342758178711
frame_000055.jpg,64.3626937866211,55.93280792236328,11.567767143249512
frame_000056.jpg,64.36532592773438,55.92927932739258,11.568830490112305
frame_000057.jpg,64.36864471435547,55.927825927734375,11.569385528564453
frame_000058.jpg,64.37113189697266,55.92729568481445,11.569042205810547
frame_000059.jpg,64.37113189697266,55.92738723754883,11.569067001342773
frame_000060.jpg,64.37303161621094,55.9266471862793,11.568367958068848
frame_000061.jpg,64.37316131591797,55.92679977416992,11.568682670593262
frame_000062.jpg,64.37030792236328,55.915245056152344,11.587121963500977
frame_000063.jpg,64.36656188964844,55.919532775878906,11.598061561584473
frame_000064.jpg,63.532222747802734,55.44420623779297,10.968029022216797
frame_000065.jpg,63.53500747680664,55.45098114013672,10.96926498413086
frame_000066.jpg,63.53579330444336,55.456363677978516,10.977665901184082
frame_000067.jpg,54.639129638671875,58.282100677490234,9.560174942016602
frame_000068.jpg,54.635128021240234,58.303157806396484,9.58726692199707
frame_000069.jpg,54.60819625854492,58.261478424072266,9.596857070922852
frame_000070.jpg,54.54384994506836,58.1272087097168,9.624678611755371
frame_000071.jpg,54.50394821166992,58.116416931152344,9.640186309814453
frame_000072.jpg,54.4659423828125,58.158531188964844,9.668708801269531
frame_000073.jpg,54.45231628417969,58.15464782714844,9.667930603027344
frame_000074.jpg,54.4320068359375,58.17435836791992,9.663763046264648
frame_000075.jpg,54.43349075317383,58.18960952758789,9.670080184936523
frame_000076.jpg,54.41931915283203,58.18033981323242,9.662849426269531
frame_000077.jpg,54.42182922363281,58.19029998779297,9.662227630615234
frame_000078.jpg,54.42717742919922,58.19300079345703,9.670116424560547
frame_000079.jpg,54.426795959472656,58.1927490234375,9.670120239257812
frame_000080.jpg,54.426822662353516,58.19325256347656,9.669979095458984
frame_000081.jpg,54.426780700683594,58.192970275878906,9.670083999633789
frame_000082.jpg,54.42436218261719,58.1892204284668,9.666501998901367
frame_000083.jpg,54.41042709350586,58.168975830078125,9.65599250793457
frame_000084.jpg,88.67430114746094,49.214813232421875,7.71312141418457
frame_000085.jpg,88.90888977050781,49.10862731933594,7.793826103210449
frame_000086.jpg,89.31884002685547,48.9991569519043,7.907514572143555
frame_000087.jpg,89.31840515136719,48.999229431152344,7.908000469207764
frame_000088.jpg,88.7635726928711,48.91877365112305,7.998398780822754
frame_000089.jpg,88.38060760498047,48.86357879638672,7.993969917297363
frame_000090.jpg,89.35306549072266,48.38040542602539,7.861477851867676
frame_000091.jpg,89.35285186767578,48.380489349365234,7.861501693725586
frame_000092.jpg,89.35270690917969,48.38013458251953,7.861302852630615
frame_000093.jpg,89.3528060913086,48.3803596496582,7.861442565917969
frame_000094.jpg,89.35282135009766,48.38048553466797,7.861660957336426
frame_000095.jpg,89.35279083251953,48.38033676147461,7.861473083496094
frame_000096.jpg,89.35283660888672,48.380393981933594,7.861513137817383
frame_000097.jpg,89.35285186767578,48.38048553466797,7.861706256866455
frame_000098.jpg,89.35279083251953,48.38034439086914,7.861480236053467
frame_000099.jpg,89.35283660888672,48.38039016723633,7.861570835113525
frame_000100.jpg,89.35286712646484,48.38047409057617,7.861678123474121
frame_000101.jpg,89.35283660888672,48.380340576171875,7.861478805541992
frame_000102.jpg,89.35285186767578,48.380393981933594,7.861556529998779
frame_000103.jpg,89.33987426757812,48.41339874267578,7.870767116546631
frame_000104.jpg,89.3216781616211,48.53701400756836,7.885839462280273
frame_000105.jpg,89.29777526855469,48.60067367553711,7.829319477081299
frame_000106.jpg,89.29238891601562,48.683502197265625,7.832254886627197
frame_000107.jpg,89.2841796875,48.746891021728516,7.832013130187988
frame_000108.jpg,89.28910064697266,48.844356536865234,7.896985054016113
frame_000109.jpg,88.99395751953125,48.70229721069336,7.879154205322266
frame_000110.jpg,90.42618560791016,48.93623352050781,7.913885593414307
frame_000111.jpg,91.32946014404297,48.78199768066406,8.016863822937012
frame_000112.jpg,91.32823944091797,48.78547668457031,8.022774696350098
frame_000113.jpg,94.17503356933594,49.6622200012207,8.124034881591797
frame_000114.jpg,94.24598693847656,49.64741897583008,8.162195205688477
frame_000115.jpg,93.7850341796875,49.32723617553711,8.14328670501709
frame_000116.jpg,93.78376770019531,49.327388763427734,8.149011611938477
frame_000117.jpg,93.18992614746094,48.99974060058594,8.10467529296875
frame_000118.jpg,92.83407592773438,48.889095306396484,8.10978889465332
frame_000119.jpg,90.66256713867188,49.55720520019531,6.616103172302246
frame_000120.jpg,89.65723419189453,55.330413818359375,6.700962066650391
frame_000121.jpg,79.61953735351562,54.72908020019531,6.979650497436523
frame_000122.jpg,79.61827087402344,54.73099136352539,6.983138084411621
frame_000123.jpg,79.72392272949219,54.98853302001953,6.955196380615234
frame_000124.jpg,79.72274780273438,54.99081039428711,6.957175254821777
frame_000125.jpg,80.34844207763672,55.2865104675293,6.957854747772217
frame_000126.jpg,81.1600112915039,55.209224700927734,6.953894138336182
frame_000127.jpg,81.2472152709961,55.4915657043457,6.939858436584473
frame_000128.jpg,81.20220184326172,55.409671783447266,6.941094398498535
frame_000129.jpg,83.06251525878906,55.1910514831543,6.972784996032715
frame_000130.jpg,82.95227813720703,56.207706451416016,6.9387664794921875
frame_000131.jpg,83.18547821044922,56.13447952270508,7.018980979919434
frame_000132.jpg,84.89903259277344,56.074039459228516,7.005439758300781
frame_000133.jpg,83.90949249267578,56.20814895629883,6.865418434143066
frame_000134.jpg,85.17088317871094,56.642433166503906,6.85541296005249
frame_000135.jpg,85.17131805419922,56.643409729003906,6.85816764831543
frame_000136.jpg,86.30419921875,59.045169830322266,6.8103461265563965
frame_000137.jpg,85.75955200195312,58.91218948364258,6.834244728088379
frame_000138.jpg,86.48771667480469,58.51005935668945,6.735818862915039
frame_000139.jpg,86.39025115966797,58.966251373291016,6.7416605949401855
frame_000140.jpg,85.78325653076172,57.81855392456055,6.821560382843018
frame_000141.jpg,85.78047180175781,57.81733703613281,6.823775291442871
frame_000142.jpg,88.88623809814453,57.534114837646484,6.869009494781494
frame_000143.jpg,88.45249938964844,58.22140884399414,6.830442428588867
frame_000144.jpg,88.45067596435547,58.22101593017578,6.83188533782959
frame_000145.jpg,89.87454986572266,58.33771514892578,6.830138206481934
frame_000146.jpg,89.87151336669922,59.81871032714844,6.867466926574707
frame_000147.jpg,89.02705383300781,59.69518280029297,6.929448127746582
frame_000148.jpg,89.78782653808594,59.15907669067383,6.902104377746582
frame_000149.jpg,86.9640121459961,57.603641510009766,6.875429153442383
frame_000150.jpg,86.96277618408203,57.60487747192383,6.878888130187988
frame_000151.jpg,101.87603759765625,51.248085021972656,7.1639556884765625
frame_000152.jpg,103.07429504394531,51.36738586425781,7.17684268951416
frame_000153.jpg,106.32279205322266,53.117431640625,7.276401996612549
frame_000154.jpg,106.29328918457031,53.11296844482422,7.282660484313965
frame_000155.jpg,119.1296615600586,57.002906799316406,7.875741004943848
frame_000156.jpg,128.9619598388672,64.65392303466797,8.087316513061523
frame_000157.jpg,130.45062255859375,66.17414855957031,8.665374755859375
frame_000158.jpg,132.8861083984375,67.57997131347656,9.100404739379883
frame_000159.jpg,132.4217071533203,67.29683685302734,9.023184776306152
frame_000160.jpg,132.5712127685547,67.78242492675781,9.19827938079834
frame_000161.jpg,132.63006591796875,67.97505187988281,9.216222763061523
frame_000162.jpg,132.63047790527344,67.97761535644531,9.222105026245117
frame_000163.jpg,132.7458953857422,68.74418640136719,9.344171524047852
frame_000164.jpg,132.74130249023438,68.74849700927734,9.36196517944336
frame_000165.jpg,135.3237762451172,70.47992706298828,8.727293014526367
frame_000166.jpg,135.02294921875,69.04977416992188,8.314517974853516
frame_000167.jpg,135.02098083496094,69.05426788330078,8.328258514404297
frame_000168.jpg,124.13652801513672,62.98044204711914,7.711177349090576
frame_000169.jpg,124.13546752929688,62.9853401184082,7.724705696105957
frame_000170.jpg,111.66641998291016,53.17932891845703,7.183780670166016
frame_000171.jpg,111.66426849365234,53.187660217285156,7.195883750915527
frame_000172.jpg,111.77120971679688,53.54246520996094,7.1737470626831055
frame_000173.jpg,111.87176513671875,53.86008071899414,7.1422929763793945
frame_000174.jpg,112.87044525146484,54.41026306152344,7.0828094482421875
frame_000175.jpg,115.17160034179688,55.5269889831543,7.2120866775512695
frame_000176.jpg,119.08967590332031,57.38886260986328,7.219595909118652
frame_000177.jpg,119.08604431152344,57.39081573486328,7.2285475730896
frame_000178.jpg,119.09291076660156,57.33833694458008,7.255195140838623
frame_000179.jpg,118.63023376464844,57.52588653564453,7.290708065032959
frame_000180.jpg,116.81795501708984,56.11383056640625,7.373018741607666
frame_000181.jpg,117.225830078125,56.15351867675781,7.414327621459961
frame_000182.jpg,116.74996185302734,55.695377349853516,7.452205657958984
frame_000183.jpg,115.39939880371094,54.137611389160156,7.536352157592773
frame_000184.jpg,115.44205474853516,54.109371185302734,7.544297218322754
frame_000185.jpg,115.37507629394531,54.015594482421875,7.5902252197265625
frame_000186.jpg,116.01686096191406,54.261966705322266,7.668362617492676
frame_000187.jpg,116.01506042480469,54.26592254638672,7.675546646118164
frame_000188.jpg,116.41574096679688,54.53868103027344,7.751980781555176
frame_000189.jpg,115.82135772705078,54.82077407836914,7.893615245819092
frame_000190.jpg,115.85196685791016,54.82764434814453,7.892698287963867
frame_000191.jpg,115.37101745605469,54.66105651855469,7.917107582092285
frame_000192.jpg,115.31642150878906,54.78932189941406,7.91436767578125
frame_000193.jpg,115.15018463134766,54.844566345214844,7.927150249481201
frame_000194.jpg,115.17176818847656,55.067657470703125,7.923432350158691
frame_000195.jpg,158.6108856201172,70.1870346069336,10.577407836914062
frame_000196.jpg,158.8872528076172,70.55825805664062,10.441701889038086
frame_000197.jpg,158.94728088378906,70.4742660522461,10.28148078918457
frame_000198.jpg,158.443359375,70.41780090332031,10.159496307373047
frame_000199.jpg,158.43722534179688,70.57503509521484,10.025354385375977
frame_000200.jpg,158.40097045898438,70.67317199707031,9.999034881591797
frame_000201.jpg,158.26596069335938,70.93701171875,10.020986557006836
frame_000202.jpg,158.3961181640625,71.02018737792969,9.99929428100586
frame_000203.jpg,158.80308532714844,70.8947982788086,10.018802642822266
frame_000204.jpg,158.9495391845703,70.9189682006836,10.014236450195312
frame_000205.jpg,159.12599182128906,70.94139862060547,10.082989692687988
frame_000206.jpg,159.12081909179688,70.94267272949219,10.0892333984375
frame_000207.jpg,158.61558532714844,71.21665954589844,10.251917839050293
frame_000208.jpg,158.03271484375,71.06305694580078,10.25373363494873
frame_000209.jpg,158.320068359375,70.8741226196289,10.29787826538086
frame_000210.jpg,158.31832885742188,70.87461853027344,10.303902626037598
frame_000211.jpg,158.26025390625,70.90303802490234,10.31298542022705
frame_000212.jpg,158.29397583007812,70.91128540039062,10.310361862182617
frame_000213.jpg,158.33888244628906,70.90386199951172,10.309691429138184
frame_000214.jpg,158.30503845214844,70.8965072631836,10.358266830444336
frame_000215.jpg,158.3462371826172,70.88429260253906,10.390222549438477
frame_000216.jpg,158.15927124023438,70.85430908203125,10.555925369262695
frame_000217.jpg,157.97857666015625,70.8912353515625,10.609970092773438
frame_000218.jpg,158.02432250976562,70.83858489990234,10.62537956237793
frame_000219.jpg,158.0137481689453,70.84185791015625,10.639612197875977
frame_000220.jpg,158.01332092285156,70.84231567382812,10.640913963317871
frame_000221.jpg,158.05577087402344,70.87413024902344,10.690951347351074
frame_000222.jpg,158.0926513671875,70.8544921875,10.69131851196289
frame_000223.jpg,156.62506103515625,70.27838897705078,10.63239860534668
frame_000224.jpg,156.7609405517578,72.48126220703125,10.443881034851074
frame_000225.jpg,156.09613037109375,71.23207092285156,10.505746841430664
frame_000226.jpg,156.09246826171875,71.23438262939453,10.517776489257812
frame_000227.jpg,156.4764404296875,72.81297302246094,10.60279369354248
frame_000228.jpg,155.7873077392578,72.5587158203125,10.649178504943848
frame_000229.jpg,156.34092712402344,72.6300048828125,10.582487106323242
frame_000230.jpg,156.3381805419922,72.6332778930664,10.590326309204102
frame_000231.jpg,156.33204650878906,73.22710418701172,10.535398483276367
frame_000232.jpg,155.29296875,72.38846588134766,10.586326599121094
frame_000233.jpg,154.27781677246094,71.77616882324219,10.634632110595703
frame_000234.jpg,154.74806213378906,71.38286590576172,10.712193489074707
frame_000235.jpg,155.2810516357422,70.95481872558594,10.537467002868652
frame_000236.jpg,155.81076049804688,70.2547607421875,10.472986221313477
frame_000237.jpg,156.39227294921875,70.22998809814453,10.432230949401855
frame_000238.jpg,156.38909912109375,70.23189544677734,10.436659812927246
frame_000239.jpg,156.91136169433594,70.33146667480469,10.45196533203125
frame_000240.jpg,157.71583557128906,70.25545501708984,10.194646835327148
frame_000241.jpg,157.28565979003906,69.70179748535156,9.864255905151367
frame_000242.jpg,157.3515625,69.65087127685547,9.870471954345703
frame_000243.jpg,157.12472534179688,69.61091613769531,9.881969451904297
frame_000244.jpg,156.8564453125,69.56058502197266,9.815275192260742
frame_000245.jpg,156.44052124023438,69.739501953125,9.847381591796875
frame_000246.jpg,156.6317138671875,69.55645751953125,9.85478401184082
frame_000247.jpg,156.7181854248047,69.45133972167969,9.80599594116211
frame_000248.jpg,156.7136688232422,69.4544448852539,9.813977241516113
frame_000249.jpg,156.8791046142578,69.34738159179688,9.823253631591797
frame_000250.jpg,156.6752166748047,69.01056671142578,9.734369277954102
frame_000251.jpg,157.07870483398438,68.85381317138672,9.683004379272461
frame_000252.jpg,157.07879638671875,68.8556137084961,9.693936347961426
frame_000253.jpg,156.78427124023438,68.4466323852539,9.621627807617188
frame_000254.jpg,156.63307189941406,68.25933074951172,9.616131782531738
frame_000255.jpg,156.29217529296875,68.18351745605469,9.646833419799805
frame_000256.jpg,156.28765869140625,68.18505096435547,9.65472412109375
frame_000257.jpg,154.1538543701172,67.6405029296875,9.680084228515625
frame_000258.jpg,154.14808654785156,67.64363861083984,9.697237014770508
frame_000259.jpg,152.3407745361328,67.67916107177734,9.730304718017578
frame_000260.jpg,151.8173828125,67.54837036132812,9.785722732543945
frame_000261.jpg,152.7428436279297,67.62853240966797,9.690765380859375
frame_000262.jpg,152.739990234375,67.6329345703125,9.700197219848633
frame_000263.jpg,153.50926208496094,68.34638977050781,9.707071304321289
frame_000264.jpg,155.4290771484375,68.77730560302734,9.666986465454102
frame_000265.jpg,155.96951293945312,69.20745086669922,9.679807662963867
frame_000266.jpg,155.50796508789062,69.01084899902344,9.674203872680664
frame_000267.jpg,154.69781494140625,68.84219360351562,9.736600875854492
frame_000268.jpg,155.75393676757812,70.0011215209961,9.827472686767578
frame_000269.jpg,155.4434356689453,69.28794860839844,9.934904098510742
frame_000270.jpg,156.32144165039062,70.01019287109375,9.85208797454834
frame_000271.jpg,156.3552703857422,70.00511169433594,9.795472145080566
frame_000272.jpg,156.35040283203125,70.00719451904297,9.804206848144531
frame_000273.jpg,157.3106231689453,70.31057739257812,9.790655136108398
frame_000274.jpg,157.3046112060547,70.31491088867188,9.800273895263672
frame_000275.jpg,155.11351013183594,69.57128143310547,9.78449821472168
frame_000276.jpg,154.6959991455078,69.37092590332031,9.770971298217773
frame_000277.jpg,153.3502655029297,68.91180419921875,9.735301971435547
frame_000278.jpg,154.86026000976562,70.20832061767578,9.919657707214355
frame_000279.jpg,154.22238159179688,69.07316589355469,9.791101455688477
frame_000280.jpg,155.38296508789062,69.63213348388672,9.87640380859375
frame_000281.jpg,155.50039672851562,69.20793151855469,9.756115913391113
frame_000282.jpg,155.4528045654297,69.19575500488281,9.766763687133789
frame_000283.jpg,155.91050720214844,70.30440521240234,9.765016555786133
frame_000284.jpg,155.90611267089844,70.30840301513672,9.77433967590332
frame_000285.jpg,156.50479125976562,70.10551452636719,9.7467041015625
frame_000286.jpg,155.4175262451172,69.57978057861328,9.546932220458984
frame_000287.jpg,157.1887969970703,70.89492797851562,9.591816902160645
frame_000288.jpg,157.18325805664062,70.89804077148438,9.599802017211914
frame_000289.jpg,156.91592407226562,71.27645874023438,9.524417877197266
frame_000290.jpg,155.85958862304688,70.47490692138672,9.499723434448242
frame_000291.jpg,157.5996856689453,70.93988800048828,9.383993148803711
frame_000292.jpg,157.552001953125,70.93045043945312,9.393701553344727
frame_000293.jpg,159.08609008789062,72.17926788330078,9.404623031616211
frame_000294.jpg,159.452880859375,71.32707214355469,9.368263244628906
frame_000295.jpg,159.36265563964844,71.53213500976562,9.2965087890625
frame_000296.jpg,159.35821533203125,71.53486633300781,9.306965827941895
frame_000297.jpg,159.16331481933594,71.53858184814453,9.306562423706055
frame_000298.jpg,156.53977966308594,70.27084350585938,9.256267547607422
frame_000299.jpg,157.60018920898438,71.7261734008789,9.307098388671875
frame_000300.jpg,157.5929718017578,71.72864532470703,9.320638656616211
frame_000301.jpg,156.07545471191406,71.60595703125,9.274206161499023
frame_000302.jpg,155.1076202392578,70.25062561035156,9.359739303588867
frame_000303.jpg,156.25033569335938,71.16644287109375,9.290657043457031
frame_000304.jpg,156.24517822265625,71.167724609375,9.297635078430176
frame_000305.jpg,156.29148864746094,70.98795318603516,9.170652389526367
frame_000306.jpg,156.2849884033203,70.99110412597656,9.181495666503906
frame_000307.jpg,156.5654754638672,71.4012680053711,9.166601181030273
frame_000308.jpg,156.28863525390625,71.79319763183594,9.168997764587402
frame_000309.jpg,167.34683227539062,67.49485778808594,8.408143997192383
frame_000310.jpg,167.34683227539062,67.49742126464844,8.416248321533203
frame_000311.jpg,168.1806182861328,67.59282684326172,8.38252067565918
frame_000312.jpg,168.32101440429688,67.51020050048828,8.34208869934082
frame_000313.jpg,162.69920349121094,67.22856140136719,7.5997843742370605
frame_000314.jpg,162.69577026367188,67.23551177978516,7.615529537200928
frame_000315.jpg,151.55169677734375,66.48526000976562,7.314903736114502
frame_000316.jpg,140.22108459472656,66.37742614746094,6.901762008666992
frame_000317.jpg,130.30422973632812,63.82554244995117,6.774601936340332
frame_000318.jpg,130.28482055664062,63.834068298339844,6.7861833572387695
frame_000319.jpg,129.10255432128906,63.7120361328125,6.840190887451172
frame_000320.jpg,128.3530731201172,63.14002227783203,6.832762718200684
frame_000321.jpg,126.28531646728516,62.41616439819336,6.874747276306152
frame_000322.jpg,128.18875122070312,63.888526916503906,6.836598873138428
frame_000323.jpg,134.7754669189453,66.65989685058594,6.807437896728516
frame_000324.jpg,144.67974853515625,68.90445709228516,6.9044084548950195
frame_000325.jpg,144.68124389648438,68.90873718261719,6.913680076599121
frame_000326.jpg,152.4034881591797,70.80009460449219,7.120919227600098
frame_000327.jpg,152.40167236328125,70.80265808105469,7.1386542320251465
frame_000328.jpg,151.42184448242188,71.10751342773438,7.091232776641846
frame_000329.jpg,151.4202423095703,71.11158752441406,7.103847503662109
frame_000330.jpg,152.03799438476562,71.92369842529297,7.036670684814453
frame_000331.jpg,152.45379638671875,71.56365203857422,7.0391340255737305
frame_000332.jpg,196.07504272460938,71.8875732421875,5.374135971069336
frame_000333.jpg,196.07736206054688,71.88480377197266,5.377435684204102
frame_000334.jpg,196.49705505371094,71.81303405761719,5.415731430053711
frame_000335.jpg,195.87527465820312,70.44011688232422,5.467945098876953
frame_000336.jpg,195.87771606445312,70.44041442871094,5.474664688110352
frame_000337.jpg,192.03851318359375,68.84848022460938,5.5875654220581055
frame_000338.jpg,192.03857421875,68.84978485107422,5.594095230102539
frame_000339.jpg,180.8694610595703,65.47819519042969,5.384039878845215
frame_000340.jpg,176.9794464111328,64.38018798828125,5.54949951171875
frame_000341.jpg,176.97666931152344,64.38218688964844,5.554887294769287
frame_000342.jpg,173.81051635742188,63.953548431396484,5.508763790130615
frame_000343.jpg,173.79519653320312,63.95170593261719,5.514135360717773
frame_000344.jpg,172.0700225830078,63.86144256591797,5.517762184143066
frame_000345.jpg,171.45956420898438,63.85216522216797,5.516250133514404
frame_000346.jpg,164.6663055419922,62.58259963989258,5.356535911560059
frame_000347.jpg,166.71910095214844,63.7655029296875,5.360776901245117
frame_000348.jpg,167.901611328125,65.3996353149414,5.869879245758057
frame_000349.jpg,167.89996337890625,65.40637969970703,5.880656719207764
frame_000350.jpg,166.98776245117188,65.3536605834961,5.752811431884766
frame_000351.jpg,161.1689910888672,63.64455032348633,5.60761833190918
frame_000352.jpg,159.13824462890625,62.19900894165039,5.719486713409424
frame_000353.jpg,156.38720703125,60.284324645996094,5.729227542877197
frame_000354.jpg,154.040283203125,58.98188018798828,5.795853614807129
frame_000355.jpg,153.19754028320312,59.188331604003906,5.789314270019531
frame_000356.jpg,151.44712829589844,60.52621078491211,5.815543174743652
frame_000357.jpg,154.4141082763672,62.135581970214844,5.849388122558594
frame_000358.jpg,156.01710510253906,62.8803825378418,6.051946640014648
frame_000359.jpg,156.12527465820312,63.003360748291016,6.096256732940674
frame_000360.jpg,156.33949279785156,62.82271194458008,6.119753837585449
frame_000361.jpg,156.3683624267578,62.83811569213867,6.128864288330078
frame_000362.jpg,156.69281005859375,62.5883674621582,6.128567695617676
frame_000363.jpg,161.7928924560547,63.0927619934082,6.2667646408081055
frame_000364.jpg,161.79318237304688,63.100624084472656,6.276927947998047
frame_000365.jpg,169.4446258544922,64.53758239746094,6.376214981079102
frame_000366.jpg,170.886962890625,65.1546630859375,6.269372463226318
frame_000367.jpg,172.9472198486328,66.01427459716797,6.341310024261475
frame_000368.jpg,166.4628143310547,65.0155258178711,6.508273124694824
frame_000369.jpg,161.25112915039062,63.894039154052734,6.985525131225586
frame_000370.jpg,161.24954223632812,63.904388427734375,6.998793601989746
frame_000371.jpg,156.55960083007812,64.5494613647461,7.11253023147583
frame_000372.jpg,155.1719207763672,64.59786224365234,7.138582229614258
frame_000373.jpg,155.44468688964844,64.65388488769531,7.184139251708984
frame_000374.jpg,155.55299377441406,64.778564453125,7.19118595123291
frame_000375.jpg,155.55126953125,64.78041076660156,7.195705413818359
frame_000376.jpg,155.24562072753906,64.99674224853516,7.2343854904174805
frame_000377.jpg,167.25474548339844,66.41010284423828,6.818099021911621
frame_000378.jpg,167.25640869140625,66.41717529296875,6.830623626708984
frame_000379.jpg,171.7779083251953,66.21067810058594,6.608210563659668
frame_000380.jpg,169.95138549804688,64.95355987548828,6.715919494628906
frame_000381.jpg,168.33209228515625,64.247314453125,6.766670227050781
frame_000382.jpg,164.57867431640625,63.44145584106445,6.872514724731445
frame_000383.jpg,163.09271240234375,63.07130813598633,6.924750328063965
frame_000384.jpg,157.42434692382812,64.29536437988281,7.038032531738281
frame_000385.jpg,157.24221801757812,65.29338073730469,7.322924613952637
frame_000386.jpg,158.4574737548828,66.5084457397461,7.466843605041504
frame_000387.jpg,158.4493865966797,66.51477813720703,7.474432468414307
frame_000388.jpg,156.6279296875,66.681396484375,7.508820056915283
frame_000389.jpg,152.1443634033203,66.06710052490234,7.3575215339660645
frame_000390.jpg,152.2105712890625,66.01628875732422,7.366294860839844
frame_000391.jpg,147.92872619628906,65.14376831054688,6.891005039215088
frame_000392.jpg,143.14996337890625,65.18351745605469,6.844147682189941
frame_000393.jpg,137.7919158935547,64.7235107421875,6.756660461425781
frame_000394.jpg,136.76487731933594,63.411476135253906,6.810580730438232
frame_000395.jpg,135.57073974609375,62.127769470214844,6.926721572875977
frame_000396.jpg,134.45054626464844,61.404815673828125,6.951085090637207
frame_000397.jpg,134.4442596435547,61.41213607788086,6.961418628692627
frame_000398.jpg,133.30319213867188,61.463253021240234,7.072299957275391
frame_000399.jpg,132.61676025390625,61.665496826171875,7.076535224914551
frame_000400.jpg,132.39389038085938,62.00954818725586,7.123315811157227
frame_000401.jpg,131.44459533691406,62.26776123046875,7.134006500244141
frame_000402.jpg,128.7052459716797,62.11555099487305,7.294952392578125
frame_000403.jpg,128.81324768066406,62.05780792236328,7.305656433105469
frame_000404.jpg,127.66197204589844,62.35185623168945,7.340348243713379
frame_000405.jpg,124.9110336303711,63.1527099609375,7.27214241027832
frame_000406.jpg,124.90239715576172,63.15793228149414,7.283172607421875
frame_000407.jpg,124.76640319824219,63.161495208740234,7.166228771209717
frame_000408.jpg,124.27561950683594,63.52230453491211,7.065202236175537
frame_000409.jpg,125.01802062988281,63.49474334716797,6.970671653747559
frame_000410.jpg,125.48775482177734,63.2276496887207,6.808156967163086
frame_000411.jpg,126.66536712646484,63.00463104248047,6.626331329345703
frame_000412.jpg,127.384765625,63.282344818115234,6.576587200164795
frame_000413.jpg,127.25438690185547,63.3293342590332,6.670557975769043
frame_000414.jpg,126.70263671875,62.7242317199707,6.676401615142822
frame_000415.jpg,125.11030578613281,61.64057159423828,6.679625034332275
frame_000416.jpg,123.73687744140625,60.927310943603516,6.738160133361816
frame_000417.jpg,122.82321166992188,60.18605041503906,6.663213729858398
frame_000418.jpg,123.02700805664062,59.61439895629883,6.649301528930664
frame_000419.jpg,121.99767303466797,59.166969299316406,6.677152633666992
frame_000420.jpg,120.9421157836914,58.366329193115234,6.731208324432373
frame_000421.jpg,120.0254135131836,57.57658386230469,6.6731462478637695
frame_000422.jpg,119.25064849853516,56.962337493896484,6.613933086395264
frame_000423.jpg,118.17951202392578,56.50236511230469,6.5841875076293945
frame_000424.jpg,118.4145278930664,56.40799331665039,6.594389915466309
frame_000425.jpg,118.66592407226562,56.628238677978516,6.6252522468566895
frame_000426.jpg,119.39518737792969,56.9589958190918,6.718008518218994
frame_000427.jpg,120.37572479248047,57.17342758178711,6.727356910705566
frame_000428.jpg,121.67550659179688,57.216583251953125,6.793134689331055
frame_000429.jpg,122.42225646972656,57.51734924316406,6.888079643249512
frame_000430.jpg,123.51396179199219,58.137596130371094,6.939454555511475
frame_000431.jpg,123.50631713867188,58.14221954345703,6.951261520385742
frame_000432.jpg,124.9741439819336,58.53630065917969,7.0392560958862305
frame_000433.jpg,127.35871887207031,59.850284576416016,7.0690202713012695
frame_000434.jpg,127.35549926757812,59.859230041503906,7.0785627365112305
frame_000435.jpg,128.55491638183594,60.0098762512207,7.086492538452148
frame_000436.jpg,129.6834259033203,60.25570297241211,7.142640113830566
frame_000437.jpg,132.13209533691406,60.79863357543945,7.233211517333984
frame_000438.jpg,132.10073852539062,60.79473876953125,7.242681503295898
frame_000439.jpg,138.0666046142578,55.56120300292969,7.1778364181518555
frame_000440.jpg,138.7463836669922,55.69964599609375,7.224750518798828
frame_000441.jpg,139.5500946044922,55.570159912109375,7.21204948425293
frame_000442.jpg,140.95204162597656,56.03706359863281,7.227532386779785
frame_000443.jpg,141.6775665283203,56.51455307006836,7.294944763183594
frame_000444.jpg,138.589111328125,55.71030044555664,7.139314651489258
frame_000445.jpg,132.81333923339844,55.32829666137695,7.03498649597168
frame_000446.jpg,123.81414031982422,53.18040466308594,6.68092155456543
frame_000447.jpg,117.30989837646484,51.417728424072266,6.28220272064209
frame_000448.jpg,120.96790313720703,53.98013687133789,6.710880279541016
frame_000449.jpg,120.97953033447266,53.99304962158203,6.721259117126465
frame_000450.jpg,126.25840759277344,55.684879302978516,6.898322105407715
frame_000451.jpg,136.5704345703125,59.24692916870117,7.293346881866455
frame_000452.jpg,139.89715576171875,59.58366775512695,7.487982749938965
frame_000453.jpg,140.193603515625,60.11849594116211,7.5777764320373535
frame_000454.jpg,140.392333984375,60.686546325683594,7.596940517425537
frame_000455.jpg,140.51617431640625,60.597408294677734,7.5480194091796875
frame_000456.jpg,140.05743408203125,60.34199905395508,7.514771461486816
frame_000457.jpg,140.6981201171875,60.627113342285156,7.502910137176514
frame_000458.jpg,139.796142578125,61.4617919921875,7.418341636657715
frame_000459.jpg,138.54998779296875,63.76974105834961,7.3807878494262695
frame_000460.jpg,139.12872314453125,64.62751770019531,7.366208553314209
frame_000461.jpg,146.09031677246094,65.1755599975586,7.118145942687988
frame_000462.jpg,147.40879821777344,65.31175994873047,7.448643684387207
frame_000463.jpg,147.40487670898438,65.31702423095703,7.461837291717529
frame_000464.jpg,80.44747924804688,44.856292724609375,7.384670257568359
frame_000465.jpg,80.30590057373047,44.76045227050781,7.3905439376831055
frame_000466.jpg,80.42527770996094,44.76358413696289,7.388739585876465
frame_000467.jpg,81.12323760986328,43.4401741027832,7.343108177185059
frame_000468.jpg,81.11870574951172,43.444122314453125,7.357410430908203
frame_000469.jpg,81.55179595947266,43.22535705566406,7.756562232971191
frame_000470.jpg,81.87081909179688,43.305973052978516,7.769186496734619
frame_000471.jpg,81.82011413574219,43.373809814453125,7.760889053344727
frame_000472.jpg,81.98375701904297,43.394588470458984,7.763889312744141
frame_000473.jpg,82.24686431884766,43.2782096862793,7.74953556060791
frame_000474.jpg,83.0401611328125,43.20315933227539,7.804808139801025
frame_000475.jpg,83.75012969970703,43.24482345581055,7.782573223114014
frame_000476.jpg,83.66983032226562,43.2242317199707,7.778905391693115
frame_000477.jpg,83.71430206298828,43.19628143310547,7.722963333129883
frame_000478.jpg,83.75466918945312,43.295528411865234,7.637386322021484
frame_000479.jpg,83.50218963623047,43.34937286376953,7.546878814697266
frame_000480.jpg,83.37348175048828,43.402957916259766,7.575114727020264
frame_000481.jpg,83.14375305175781,43.4769401550293,7.570139408111572
frame_000482.jpg,83.1010513305664,43.54684066772461,7.564822196960449
frame_000483.jpg,83.10083770751953,43.5479621887207,7.5670366287231445
frame_000484.jpg,85.93561553955078,44.206626892089844,7.565281867980957
frame_000485.jpg,90.93089294433594,44.010555267333984,7.531688690185547
frame_000486.jpg,90.9277114868164,44.016544342041016,7.541718482971191
frame_000487.jpg,91.29669952392578,43.76544189453125,7.491866588592529
frame_000488.jpg,91.29798889160156,43.769081115722656,7.498326301574707
frame_000489.jpg,91.5055923461914,44.02052688598633,7.51900577545166
frame_000490.jpg,91.79556274414062,44.139495849609375,7.513415336608887
frame_000491.jpg,91.7229995727539,44.20747375488281,7.515578269958496
frame_000492.jpg,91.7226333618164,44.20796585083008,7.518686771392822
frame_000493.jpg,91.82044982910156,44.234046936035156,7.5010528564453125
frame_000494.jpg,91.89661407470703,44.225250244140625,7.508207321166992
frame_000495.jpg,91.08969116210938,44.15627670288086,7.468781471252441
frame_000496.jpg,91.08976745605469,44.16109085083008,7.477165222167969
frame_000497.jpg,78.09588623046875,41.07964324951172,6.491446495056152
frame_000498.jpg,83.1148910522461,40.37826919555664,6.446186065673828
frame_000499.jpg,89.05812072753906,41.16522216796875,6.536863327026367
frame_000500.jpg,90.66607666015625,41.11869430541992,6.6407880783081055
frame_000501.jpg,90.96492004394531,41.220855712890625,6.670923709869385
frame_000502.jpg,91.1722412109375,41.56065368652344,6.830726146697998
frame_000503.jpg,91.07791900634766,42.2801399230957,7.092354774475098
frame_000504.jpg,91.43119812011719,42.6502685546875,7.35783052444458
frame_000505.jpg,91.43295288085938,42.66041946411133,7.371121406555176
frame_000506.jpg,90.40913391113281,42.488582611083984,7.2968974113464355
frame_000507.jpg,89.8251724243164,42.33786392211914,7.210710525512695
frame_000508.jpg,89.8975601196289,42.37921142578125,7.26906681060791
frame_000509.jpg,89.93891906738281,42.66498565673828,7.380498886108398
frame_000510.jpg,89.94007873535156,42.67033004760742,7.387640953063965
frame_000511.jpg,88.69729614257812,42.61184310913086,7.509653091430664
frame_000512.jpg,88.7008056640625,42.61807632446289,7.521100044250488
frame_000513.jpg,87.49207305908203,42.70017623901367,7.588312149047852
frame_000514.jpg,87.51084899902344,42.71488571166992,7.5995659828186035
frame_000515.jpg,86.96755981445312,42.823001861572266,7.621435642242432
frame_000516.jpg,86.536865234375,42.8134765625,7.622706413269043
frame_000517.jpg,86.50532531738281,42.94913101196289,7.653717041015625
frame_000518.jpg,86.74933624267578,43.04466247558594,7.696065902709961
frame_000519.jpg,86.60301208496094,42.94485855102539,7.668242454528809
frame_000520.jpg,86.40217590332031,42.837989807128906,7.687957763671875
frame_000521.jpg,86.58321380615234,42.77484893798828,7.674839973449707
frame_000522.jpg,86.58576965332031,42.778709411621094,7.681323051452637
frame_000523.jpg,86.47594451904297,42.77131652832031,7.804864406585693
frame_000524.jpg,86.47657012939453,42.77655029296875,7.817600250244141
frame_000525.jpg,84.31309509277344,42.57993698120117,7.739228248596191
frame_000526.jpg,84.31595611572266,42.58328628540039,7.752167701721191
frame_000527.jpg,82.98214721679688,43.26173782348633,7.718475341796875
frame_000528.jpg,82.88752746582031,43.35465621948242,7.7374467849731445
frame_000529.jpg,83.08594512939453,43.40996551513672,7.767439365386963
frame_000530.jpg,83.08592224121094,43.41119384765625,7.771059036254883
frame_000531.jpg,83.50949096679688,42.24058532714844,7.64983606338501
frame_000532.jpg,84.43669891357422,41.73014831542969,7.63906192779541
frame_000533.jpg,83.27445983886719,41.11821746826172,7.549971103668213
frame_000534.jpg,83.27574157714844,41.124183654785156,7.5616960525512695
frame_000535.jpg,82.30293273925781,41.5584716796875,7.565747261047363
frame_000536.jpg,82.30305480957031,41.564353942871094,7.578971862792969
frame_000537.jpg,82.3596420288086,41.88855743408203,7.631838321685791
frame_000538.jpg,82.45762634277344,42.41632080078125,7.747747898101807
frame_000539.jpg,83.24119567871094,43.26605224609375,7.769711494445801
frame_000540.jpg,82.67147064208984,43.7532958984375,7.873896598815918
frame_000541.jpg,82.66988372802734,43.75722885131836,7.881781101226807
frame_000542.jpg,82.55411529541016,44.0047721862793,7.949156761169434
frame_000543.jpg,82.54069519042969,44.16960144042969,7.961119651794434
frame_000544.jpg,82.52324676513672,44.297706604003906,7.983412742614746
frame_000545.jpg,82.5320053100586,44.45754623413086,8.000504493713379
frame_000546.jpg,82.53165435791016,44.45905303955078,8.003957748413086
frame_000547.jpg,82.62708282470703,44.536128997802734,7.955147743225098
frame_000548.jpg,82.62744140625,44.53938293457031,7.960792541503906
frame_000549.jpg,82.73909759521484,44.42377853393555,7.888795852661133
frame_000550.jpg,82.73944091796875,44.42760467529297,7.896430015563965
frame_000551.jpg,83.40280151367188,44.98937225341797,7.935015678405762
frame_000552.jpg,83.88055419921875,45.267601013183594,7.886841773986816
frame_000553.jpg,84.27379608154297,45.78545379638672,7.894365310668945
frame_000554.jpg,84.27177429199219,45.78956604003906,7.8999223709106445
frame_000555.jpg,84.73055267333984,46.205543518066406,7.911856651306152
frame_000556.jpg,84.82615661621094,46.24182891845703,7.927163124084473
frame_000557.jpg,84.634765625,46.37903594970703,7.916548728942871
frame_000558.jpg,84.67708587646484,46.205955505371094,7.948282241821289
frame_000559.jpg,84.68167877197266,45.60862731933594,7.8240580558776855
frame_000560.jpg,84.67903137207031,45.608970642089844,7.825860023498535
frame_000561.jpg,84.65310668945312,45.133819580078125,7.641571521759033
frame_000562.jpg,84.65127563476562,45.137855529785156,7.649686813354492
frame_000563.jpg,84.64983367919922,45.13227081298828,7.714509010314941
frame_000564.jpg,84.38529205322266,45.0070686340332,7.689207077026367
frame_000565.jpg,84.38522338867188,44.93576431274414,7.699837684631348
frame_000566.jpg,84.39204406738281,44.99125671386719,7.845041275024414
frame_000567.jpg,84.37545776367188,44.98928451538086,7.915895462036133
frame_000568.jpg,84.37251281738281,44.99111557006836,7.9205851554870605
frame_000569.jpg,84.25542449951172,45.272972106933594,8.044389724731445
frame_000570.jpg,84.15896606445312,45.17588806152344,8.027078628540039
frame_000571.jpg,84.20735168457031,45.26089859008789,8.041482925415039
frame_000572.jpg,84.20646667480469,45.26176452636719,8.046324729919434
frame_000573.jpg,84.24632263183594,45.28038024902344,7.9135026931762695
frame_000574.jpg,84.2459487915039,45.282955169677734,7.921090126037598
frame_000575.jpg,85.16779327392578,45.940494537353516,7.859545707702637
frame_000576.jpg,85.13052368164062,46.24629211425781,7.978056907653809
frame_000577.jpg,83.9867935180664,46.08640670776367,7.894717216491699
frame_000578.jpg,83.39425659179688,45.78718185424805,7.867618560791016
frame_000579.jpg,84.87096405029297,45.61406707763672,8.016140937805176
frame_000580.jpg,84.44109344482422,46.004642486572266,7.942312717437744
frame_000581.jpg,84.44261169433594,46.01019287109375,7.950187683105469
frame_000582.jpg,84.16864013671875,46.807254791259766,7.78183650970459
frame_000583.jpg,83.96955108642578,46.44060516357422,7.781946182250977
frame_000584.jpg,83.57811737060547,46.003902435302734,7.715298652648926
frame_000585.jpg,83.59101867675781,46.011314392089844,7.722106456756592
frame_000586.jpg,84.5286865234375,47.07023239135742,7.717403411865234
frame_000587.jpg,83.8415298461914,46.15790939331055,7.677847862243652
frame_000588.jpg,83.82422637939453,46.159080505371094,7.6863555908203125
frame_000589.jpg,85.55335235595703,46.94015121459961,7.842364311218262
frame_000590.jpg,85.53692626953125,47.12295913696289,7.736789703369141
frame_000591.jpg,84.94771575927734,46.631080627441406,7.692821502685547
frame_000592.jpg,88.85936737060547,46.2955207824707,7.395352840423584
frame_000593.jpg,85.833740234375,44.78464126586914,6.769683837890625
frame_000594.jpg,107.25135803222656,46.00087356567383,7.4003400802612305
frame_000595.jpg,102.77890014648438,50.13595962524414,7.149438858032227
frame_000596.jpg,97.22863006591797,49.253047943115234,7.175480842590332
frame_000597.jpg,99.95397186279297,45.629966735839844,7.312966346740723
frame_000598.jpg,92.75330352783203,47.12139129638672,8.608555793762207
frame_000599.jpg,92.17467498779297,46.64552307128906,8.632095336914062
frame_000600.jpg,91.92491912841797,46.29936218261719,8.639002799987793
frame_000601.jpg,91.92212677001953,46.302650451660156,8.645506858825684
frame_000602.jpg,90.69257354736328,45.93449401855469,8.619537353515625
frame_000603.jpg,90.32865142822266,46.28303527832031,8.649864196777344
frame_000604.jpg,91.07211303710938,47.3111457824707,8.771703720092773
frame_000605.jpg,91.67095947265625,48.07342529296875,8.733970642089844
frame_000606.jpg,91.74828338623047,48.06245040893555,8.738666534423828
frame_000607.jpg,93.09387969970703,47.33788299560547,8.830158233642578
frame_000608.jpg,93.92514038085938,48.53310775756836,8.788616180419922
frame_000609.jpg,93.92154693603516,48.54351806640625,8.80131721496582
frame_000610.jpg,94.85357666015625,49.20227813720703,8.908915519714355
frame_000611.jpg,95.62770080566406,49.7928352355957,8.909061431884766
frame_000612.jpg,96.41655731201172,50.52165222167969,8.964530944824219
frame_000613.jpg,97.20439910888672,51.392452239990234,8.985361099243164
frame_000614.jpg,97.78992462158203,52.09587860107422,8.93563461303711
frame_000615.jpg,97.49288940429688,52.69758605957031,8.99969482421875
frame_000616.jpg,97.23542785644531,53.25494384765625,8.977266311645508
frame_000617.jpg,96.38512420654297,53.78146743774414,9.10043716430664
frame_000618.jpg,95.79019927978516,54.26911163330078,9.17652416229248
frame_000619.jpg,95.22542572021484,54.628604888916016,9.167009353637695
frame_000620.jpg,95.03398132324219,55.17110824584961,9.24097728729248
frame_000621.jpg,95.02982330322266,55.176212310791016,9.251232147216797
frame_000622.jpg,93.34353637695312,54.88113784790039,9.308527946472168
frame_000623.jpg,91.71084594726562,54.4326171875,9.17929744720459
frame_000624.jpg,90.73042297363281,54.379093170166016,9.126113891601562
frame_000625.jpg,89.99390411376953,54.69752502441406,9.238618850708008
frame_000626.jpg,89.64472198486328,55.761775970458984,9.44749641418457
frame_000627.jpg,90.22350311279297,58.05508041381836,9.802282333374023
frame_000628.jpg,89.91907501220703,59.32807922363281,10.186119079589844
frame_000629.jpg,89.12229919433594,59.2996711730957,10.518499374389648
frame_000630.jpg,89.11882019042969,59.30181121826172,10.528745651245117
frame_000631.jpg,76.99251556396484,54.43709182739258,8.657718658447266
frame_000632.jpg,77.23005676269531,50.81791687011719,8.391197204589844
frame_000633.jpg,77.2235336303711,50.82537841796875,8.407647132873535
frame_000634.jpg,68.96428680419922,47.86196517944336,7.222643852233887
frame_000635.jpg,68.95947265625,47.86820983886719,7.231926918029785
frame_000636.jpg,67.53973388671875,48.82123947143555,7.174394607543945
frame_000637.jpg,65.92606353759766,49.51072692871094,7.02650785446167
frame_000638.jpg,64.99617767333984,50.78553771972656,6.936494827270508
frame_000639.jpg,64.98748779296875,50.789676666259766,6.945814609527588
frame_000640.jpg,62.706764221191406,50.57999801635742,6.4935173988342285
frame_000641.jpg,62.70339584350586,50.58218002319336,6.500518798828125
frame_000642.jpg,59.943965911865234,48.25310134887695,6.156525611877441
frame_000643.jpg,58.1403694152832,46.135276794433594,6.0215163230896
frame_000644.jpg,56.69964599609375,45.209957122802734,5.8235321044921875
frame_000645.jpg,55.77640151977539,44.569061279296875,5.709207534790039
frame_000646.jpg,55.54615783691406,43.977996826171875,5.629143714904785
frame_000647.jpg,55.597537994384766,43.62272262573242,5.549839973449707
frame_000648.jpg,56.274314880371094,43.354068756103516,5.513132095336914
frame_000649.jpg,57.83070373535156,43.582603454589844,5.475729465484619
frame_000650.jpg,58.69461441040039,43.26435089111328,5.405731201171875
frame_000651.jpg,58.69394302368164,43.26585006713867,5.411331653594971
frame_000652.jpg,64.67383575439453,43.18698501586914,5.601629257202148
frame_000653.jpg,65.9299545288086,42.97037887573242,5.501211643218994
frame_000654.jpg,66.069580078125,42.374610900878906,5.339165210723877
frame_000655.jpg,66.06849670410156,42.375797271728516,5.342615604400635
frame_000656.jpg,66.87431335449219,42.50669860839844,5.309843063354492
frame_000657.jpg,67.62969207763672,42.201663970947266,5.23762321472168
frame_000658.jpg,69.41200256347656,42.35307312011719,5.312305927276611
frame_000659.jpg,69.41143798828125,42.35474395751953,5.317324638366699
frame_000660.jpg,76.7903060913086,43.42783737182617,5.366559028625488
frame_000661.jpg,89.60630798339844,50.79542922973633,6.734668254852295
frame_000662.jpg,89.19125366210938,54.22249984741211,8.213544845581055
frame_000663.jpg,89.60840606689453,53.87781524658203,9.356375694274902
frame_000664.jpg,89.90662384033203,54.34219741821289,9.377640724182129
frame_000665.jpg,88.85044860839844,51.554237365722656,8.555399894714355
frame_000666.jpg,89.47274017333984,53.24344253540039,7.059333801269531
frame_000667.jpg,88.45668029785156,47.16484451293945,5.504059791564941
frame_000668.jpg,95.73112487792969,46.73293685913086,5.471743583679199
frame_000669.jpg,95.7286148071289,46.73680114746094,5.480469703674316
frame_000670.jpg,100.06476593017578,46.130775451660156,5.4899702072143555
frame_000671.jpg,101.13361358642578,46.943687438964844,5.492812633514404
frame_000672.jpg,101.57695770263672,48.77857208251953,5.534303665161133
frame_000673.jpg,102.09793090820312,49.38621139526367,5.627904415130615
frame_000674.jpg,101.81512451171875,49.360313415527344,5.605748176574707
frame_000675.jpg,101.28598022460938,48.64126205444336,5.602267742156982
frame_000676.jpg,100.67265319824219,48.895355224609375,5.664763927459717
frame_000677.jpg,100.74128723144531,48.7846565246582,5.704361915588379
frame_000678.jpg,100.71532440185547,48.80888366699219,5.741738319396973
frame_000679.jpg,100.71295928955078,48.81081771850586,5.748691558837891
frame_000680.jpg,100.04194641113281,48.79243469238281,5.76807975769043
frame_000681.jpg,99.92115020751953,48.982322692871094,5.7707977294921875
frame_000682.jpg,99.58507537841797,48.44138717651367,5.803927421569824
frame_000683.jpg,99.58112335205078,48.44330596923828,5.810774803161621
frame_000684.jpg,99.36371612548828,47.59945297241211,5.755437850952148
frame_000685.jpg,98.87467956542969,47.18328857421875,5.676635265350342
frame_000686.jpg,97.7680892944336,46.713768005371094,5.694758415222168
frame_000687.jpg,98.32361602783203,47.26205062866211,5.727726936340332
frame_000688.jpg,101.6968002319336,48.46589279174805,5.886316299438477
frame_000689.jpg,101.78187561035156,48.50446319580078,5.894400119781494
frame_000690.jpg,107.058349609375,50.12106704711914,5.957364082336426
frame_000691.jpg,113.65137481689453,52.731143951416016,6.1379618644714355
frame_000692.jpg,112.06549072265625,52.962162017822266,6.139274597167969
frame_000693.jpg,108.59246826171875,52.80548095703125,6.204585552215576
frame_000694.jpg,106.97219848632812,53.07122802734375,6.263193607330322
frame_000695.jpg,106.96885681152344,53.07573699951172,6.270908355712891
frame_000696.jpg,106.60771942138672,53.22972869873047,6.359079360961914
frame_000697.jpg,107.58213806152344,53.50200271606445,6.406589031219482
frame_000698.jpg,108.53501892089844,53.733821868896484,6.4145402908325195
frame_000699.jpg,109.37484741210938,54.1396369934082,6.47062873840332
frame_000700.jpg,107.55231475830078,54.484317779541016,6.4945807456970215
frame_000701.jpg,104.98603057861328,55.67088317871094,6.606227874755859
frame_000702.jpg,102.44636535644531,57.518619537353516,6.427638053894043
frame_000703.jpg,101.77046203613281,58.0510368347168,6.650097846984863
frame_000704.jpg,102.11961364746094,58.942081451416016,6.642849922180176
frame_000705.jpg,101.87413787841797,60.16727066040039,6.5154500007629395
frame_000706.jpg,101.78841400146484,61.470436096191406,6.580809593200684
frame_000707.jpg,101.78494262695312,61.472110748291016,6.588092803955078
frame_000708.jpg,101.00413513183594,63.2845458984375,6.623412132263184
frame_000709.jpg,102.20111846923828,63.666969299316406,6.397332668304443
frame_000710.jpg,101.21642303466797,63.524784088134766,6.294709205627441
frame_000711.jpg,100.6769027709961,63.07395553588867,6.3180437088012695
frame_000712.jpg,100.4066390991211,62.744972229003906,6.363965034484863
frame_000713.jpg,100.55915832519531,62.81362533569336,6.417953014373779
frame_000714.jpg,101.63272094726562,63.028724670410156,6.571986198425293
frame_000715.jpg,101.62956237792969,63.03071975708008,6.584903240203857
frame_000716.jpg,102.17034149169922,62.55781936645508,6.656072616577148
frame_000717.jpg,102.16775512695312,62.56006622314453,6.663349151611328
frame_000718.jpg,102.78072357177734,62.705223083496094,6.667117118835449
frame_000719.jpg,102.44071197509766,63.15494918823242,6.7449870109558105
frame_000720.jpg,101.24351501464844,64.04325866699219,6.772407531738281
frame_000721.jpg,101.0538558959961,64.4738540649414,6.724043846130371
frame_000722.jpg,101.21395874023438,64.64093780517578,6.6786603927612305
frame_000723.jpg,102.88310241699219,64.30075073242188,6.702899932861328
frame_000724.jpg,103.32893371582031,63.807430267333984,6.724065780639648
frame_000725.jpg,103.32769775390625,63.80971908569336,6.731073379516602
frame_000726.jpg,103.70879364013672,63.37638473510742,6.760977745056152
frame_000727.jpg,103.55230712890625,64.10322570800781,6.769387245178223
frame_000728.jpg,102.92034149169922,64.12776947021484,6.771538734436035
frame_000729.jpg,103.18498229980469,64.13883209228516,6.7706804275512695
frame_000730.jpg,102.944091796875,63.93645095825195,6.738472938537598
frame_000731.jpg,101.23322296142578,62.66737365722656,6.7122673988342285
frame_000732.jpg,101.23198699951172,62.67108917236328,6.716775894165039
frame_000733.jpg,96.7381820678711,60.440765380859375,6.752301216125488
frame_000734.jpg,94.91477966308594,60.67131423950195,6.779791831970215
frame_000735.jpg,99.55699157714844,64.79178619384766,6.7294511795043945
frame_000736.jpg,100.91983032226562,63.00528335571289,6.926791191101074
frame_000737.jpg,100.58325958251953,61.92560577392578,7.115314483642578
frame_000738.jpg,100.64936828613281,61.43971252441406,7.003347396850586
frame_000739.jpg,103.79586029052734,62.49848556518555,6.90311336517334
frame_000740.jpg,105.87947845458984,63.313133239746094,6.973061561584473
frame_000741.jpg,106.82970428466797,63.453121185302734,6.9880499839782715
frame_000742.jpg,106.47156524658203,62.63054656982422,7.10282039642334
frame_000743.jpg,105.47305297851562,62.16078567504883,7.235176086425781
frame_000744.jpg,103.81803131103516,61.92705535888672,7.341438293457031
frame_000745.jpg,103.81562042236328,61.92829895019531,7.348651885986328
frame_000746.jpg,102.10870361328125,60.46150207519531,7.496922492980957
frame_000747.jpg,102.5257568359375,59.936363220214844,7.483392238616943
frame_000748.jpg,102.13677215576172,59.99802017211914,7.486454010009766
frame_000749.jpg,102.0341796875,59.953651428222656,7.493715286254883
frame_000750.jpg,102.19575500488281,60.005859375,7.499539375305176
frame_000751.jpg,102.04402160644531,60.37301254272461,7.462837219238281
frame_000752.jpg,102.37484741210938,60.811485290527344,7.498479843139648
frame_000753.jpg,102.37255859375,60.81296157836914,7.504600524902344
frame_000754.jpg,102.3456039428711,61.206451416015625,7.392894744873047
frame_000755.jpg,102.34115600585938,61.20849609375,7.39982795715332
frame_000756.jpg,102.60711669921875,61.30523681640625,7.4195332527160645
frame_000757.jpg,109.99645233154297,63.75229263305664,7.201680660247803
frame_000758.jpg,109.24797821044922,64.22737121582031,7.067479133605957
frame_000759.jpg,109.24031066894531,64.22730255126953,7.075699329376221
frame_000760.jpg,110.52851104736328,64.89906311035156,6.8432817459106445
frame_000761.jpg,110.120849609375,65.35081481933594,6.666901588439941
frame_000762.jpg,109.820556640625,65.4919204711914,6.585103988647461
frame_000763.jpg,110.02095794677734,65.46148681640625,6.54189920425415
frame_000764.jpg,110.17298126220703,65.2946548461914,6.583527565002441
frame_000765.jpg,110.165283203125,65.29476165771484,6.592063903808594
frame_000766.jpg,111.21470642089844,65.02113342285156,6.506546497344971
frame_000767.jpg,112.03276062011719,64.62386322021484,6.387877464294434
frame_000768.jpg,112.26953887939453,63.997650146484375,6.361255645751953
frame_000769.jpg,112.42925262451172,63.492855072021484,6.238316535949707
frame_000770.jpg,112.01042175292969,63.19807434082031,6.158597946166992
frame_000771.jpg,112.02423858642578,62.925960540771484,6.062113285064697
frame_000772.jpg,112.16255950927734,61.713462829589844,5.805237770080566
frame_000773.jpg,120.37477111816406,57.13825225830078,5.819330215454102
frame_000774.jpg,124.16490173339844,55.82202911376953,5.762412071228027
frame_000775.jpg,124.5237045288086,55.73386764526367,5.775832653045654
frame_000776.jpg,125.36561584472656,56.064186096191406,5.844402313232422
frame_000777.jpg,125.40237426757812,55.139739990234375,6.0157389640808105
frame_000778.jpg,125.43541717529297,53.643409729003906,6.0238800048828125
frame_000779.jpg,125.69625091552734,53.920291900634766,6.027647972106934
frame_000780.jpg,125.69315338134766,53.92389678955078,6.034083366394043
frame_000781.jpg,128.607177734375,55.698577880859375,6.188430309295654
frame_000782.jpg,129.27471923828125,56.47438430786133,6.400089263916016
frame_000783.jpg,129.26959228515625,56.47699737548828,6.413593292236328
frame_000784.jpg,128.30516052246094,56.332759857177734,6.484597206115723
frame_000785.jpg,124.84302520751953,55.49446105957031,6.205678462982178
frame_000786.jpg,124.8411865234375,55.50325393676758,6.216952323913574
frame_000787.jpg,120.64849090576172,53.989776611328125,5.961983680725098
frame_000788.jpg,119.68834686279297,53.31002426147461,6.089807510375977
frame_000789.jpg,120.72718811035156,54.58983612060547,6.00546932220459
frame_000790.jpg,119.86689758300781,54.51377487182617,6.000429153442383
frame_000791.jpg,119.92029571533203,54.50595474243164,6.006217002868652
frame_000792.jpg,116.93244934082031,54.083213806152344,6.058683395385742
frame_000793.jpg,115.5112533569336,53.859283447265625,6.055567741394043
frame_000794.jpg,116.81884002685547,54.83755111694336,6.084565162658691
frame_000795.jpg,116.85855102539062,54.82579803466797,6.090181350708008
frame_000796.jpg,122.20840454101562,56.02328109741211,6.065624713897705
frame_000797.jpg,125.89647674560547,57.51995086669922,6.084632396697998
frame_000798.jpg,126.85401153564453,58.352134704589844,6.118276596069336
frame_000799.jpg,128.1700439453125,58.801422119140625,6.160539627075195
frame_000800.jpg,128.37501525878906,58.58310317993164,6.251277923583984
frame_000801.jpg,128.90838623046875,59.89400863647461,6.338844299316406
frame_000802.jpg,128.90011596679688,59.89674377441406,6.346475601196289
frame_000803.jpg,127.80023193359375,59.785919189453125,6.289082050323486
frame_000804.jpg,120.5571060180664,57.867919921875,6.5167083740234375
frame_000805.jpg,120.55149841308594,57.869384765625,6.5274763107299805
frame_000806.jpg,118.42292785644531,58.21293640136719,6.54154109954834
frame_000807.jpg,114.22647094726562,60.23126983642578,6.180365562438965
frame_000808.jpg,113.36222076416016,59.6346321105957,6.044843673706055
frame_000809.jpg,113.36080932617188,59.6356086730957,6.049159049987793
frame_000810.jpg,113.9024887084961,59.84159469604492,6.050789833068848
frame_000811.jpg,114.27303314208984,60.010826110839844,5.931134223937988
frame_000812.jpg,113.58172607421875,60.0745849609375,5.827671051025391
frame_000813.jpg,112.44429016113281,60.3103141784668,5.728452682495117
frame_000814.jpg,111.7345199584961,60.625831604003906,5.690522193908691
frame_000815.jpg,110.93122100830078,60.591426849365234,5.6433820724487305
frame_000816.jpg,108.1756820678711,59.428836822509766,5.652623176574707
frame_000817.jpg,102.78925323486328,58.23649597167969,5.655758380889893
frame_000818.jpg,102.78382873535156,58.23396301269531,5.658884048461914
frame_000819.jpg,98.02705383300781,57.13007354736328,5.651432991027832
frame_000820.jpg,99.02415466308594,58.43294906616211,5.774247169494629
frame_000821.jpg,101.77473449707031,60.75006103515625,5.769388198852539
frame_000822.jpg,103.98481750488281,60.273582458496094,5.957065582275391
frame_000823.jpg,101.35560607910156,57.25991439819336,6.127285480499268
frame_000824.jpg,100.57553100585938,57.600215911865234,6.185642242431641
frame_000825.jpg,100.43987274169922,58.80160140991211,6.187576770782471
frame_000826.jpg,99.4400863647461,59.623817443847656,6.219588279724121
frame_000827.jpg,98.23326873779297,59.93141174316406,6.151426315307617
frame_000828.jpg,96.86988830566406,60.13687515258789,6.212977409362793
frame_000829.jpg,96.8603286743164,60.136070251464844,6.226064205169678
frame_000830.jpg,96.17688751220703,60.83711624145508,6.256630897521973
frame_000831.jpg,94.50640106201172,61.915184020996094,6.333792686462402
frame_000832.jpg,93.25740814208984,62.10468292236328,6.366312026977539
frame_000833.jpg,91.5238265991211,61.8884391784668,6.496005058288574
frame_000834.jpg,89.762451171875,61.44127655029297,6.559936046600342
frame_000835.jpg,88.76658630371094,61.09502410888672,6.5977582931518555
frame_000836.jpg,88.21969604492188,60.90096664428711,6.635186195373535
frame_000837.jpg,88.218994140625,60.89936447143555,6.643191337585449
frame_000838.jpg,87.92585754394531,60.72026062011719,6.626091003417969
frame_000839.jpg,87.52272033691406,60.658905029296875,6.652669429779053
frame_000840.jpg,87.70242309570312,60.85062789916992,6.6268463134765625
frame_000841.jpg,88.20877838134766,61.29294967651367,6.606868743896484
frame_000842.jpg,88.869384765625,61.63736343383789,6.5661211013793945
frame_000843.jpg,89.51246643066406,61.76290512084961,6.636589050292969
frame_000844.jpg,90.1091537475586,61.84041976928711,6.765096664428711
frame_000845.jpg,90.6666259765625,61.87455368041992,6.862552642822266
frame_000846.jpg,91.50845336914062,62.03771209716797,6.863475799560547
frame_000847.jpg,92.84576416015625,62.039493560791016,6.910295486450195
frame_000848.jpg,92.6429214477539,61.933494567871094,6.9412336349487305
frame_000849.jpg,92.6438217163086,61.93315887451172,6.941678047180176
frame_000850.jpg,92.40135955810547,61.90769958496094,6.942914009094238
frame_000851.jpg,92.31121063232422,61.98351287841797,6.9491286277771
frame_000852.jpg,92.33613586425781,61.99154281616211,6.943759918212891
frame_000853.jpg,92.31121826171875,61.979530334472656,6.941619396209717
frame_000854.jpg,92.55535888671875,62.17397689819336,6.962766647338867
frame_000855.jpg,92.51036071777344,62.20729446411133,6.905202865600586
frame_000856.jpg,92.1648178100586,62.25543975830078,6.8911237716674805
frame_000857.jpg,91.91561889648438,62.16144943237305,6.859094142913818
frame_000858.jpg,92.12063598632812,62.1606330871582,6.866817474365234
frame_000859.jpg,92.64663696289062,62.183135986328125,6.839619159698486
frame_000860.jpg,92.38439178466797,62.06464767456055,6.8606133460998535
frame_000861.jpg,91.97807312011719,61.98413848876953,6.828067779541016
frame_000862.jpg,92.24878692626953,62.039939880371094,6.784453392028809
frame_000863.jpg,92.24740600585938,62.04030990600586,6.787891387939453
frame_000864.jpg,94.31928253173828,62.2371940612793,6.642057418823242
frame_000865.jpg,94.31600189208984,62.237491607666016,6.646404266357422
frame_000866.jpg,96.8612289428711,62.464561462402344,6.574489116668701
frame_000867.jpg,96.86111450195312,62.46580123901367,6.580099105834961
frame_000868.jpg,99.85890197753906,62.681026458740234,6.687510967254639
frame_000869.jpg,99.85413360595703,62.680625915527344,6.693685054779053
frame_000870.jpg,100.39517211914062,62.54807662963867,6.7189621925354
frame_000871.jpg,100.15223693847656,62.459815979003906,6.717625617980957
frame_000872.jpg,99.3694839477539,61.92987060546875,6.664839744567871
frame_000873.jpg,99.36894989013672,61.929603576660156,6.666205406188965
frame_000874.jpg,99.94845581054688,61.95073699951172,6.603585243225098
frame_000875.jpg,100.42110443115234,61.42881774902344,6.552105903625488
frame_000876.jpg,101.75250244140625,60.644718170166016,6.515774726867676
frame_000877.jpg,104.03205108642578,59.49365234375,6.53116512298584
frame_000878.jpg,105.73375701904297,58.291900634765625,6.493476867675781
frame_000879.jpg,96.56847381591797,58.86083984375,6.154820442199707
frame_000880.jpg,96.56645202636719,58.86479568481445,6.162806510925293
frame_000881.jpg,91.34780883789062,57.94179916381836,6.00136661529541
frame_000882.jpg,89.75501251220703,56.77157974243164,5.919767379760742
frame_000883.jpg,91.82289123535156,56.20875930786133,5.954573631286621
frame_000884.jpg,91.82066345214844,56.21154022216797,5.961603164672852
frame_000885.jpg,92.36109924316406,55.783634185791016,6.035686492919922
frame_000886.jpg,92.53217315673828,55.26231384277344,6.000115394592285
frame_000887.jpg,95.30732727050781,55.477115631103516,5.9542341232299805
frame_000888.jpg,95.30465698242188,55.47835922241211,5.963071823120117
frame_000889.jpg,97.42144775390625,55.6966438293457,5.996204376220703
frame_000890.jpg,99.51752471923828,55.52540969848633,6.110487937927246
frame_000891.jpg,105.67298126220703,53.49046325683594,6.374709606170654
frame_000892.jpg,105.67308044433594,53.49235534667969,6.382314205169678
frame_000893.jpg,106.2955093383789,53.37989044189453,6.417892932891846
frame_000894.jpg,106.24754333496094,53.20526885986328,6.410635471343994
frame_000895.jpg,105.74081420898438,52.99908447265625,6.412590026855469
frame_000896.jpg,105.14163208007812,53.045528411865234,6.403616905212402
frame_000897.jpg,102.94043731689453,53.736507415771484,6.275531768798828
frame_000898.jpg,98.90672302246094,54.65806198120117,5.994522571563721
frame_000899.jpg,98.90338134765625,54.658016204833984,6.002952575683594
frame_000900.jpg,97.46571350097656,54.72541427612305,6.011268615722656
frame_000901.jpg,95.66975402832031,54.22346496582031,5.999541282653809
frame_000902.jpg,93.46852111816406,53.42049026489258,6.053439140319824
frame_000903.jpg,89.51075744628906,52.9648551940918,5.968832015991211
frame_000904.jpg,89.50431060791016,52.965145111083984,5.975665092468262
frame_000905.jpg,87.95648193359375,53.30222702026367,5.926505088806152
frame_000906.jpg,86.29360961914062,53.5117301940918,5.881895542144775
frame_000907.jpg,85.53251647949219,53.74909210205078,5.86146354675293
frame_000908.jpg,85.55029296875,53.97334671020508,5.860010623931885
frame_000909.jpg,85.55345916748047,54.07095718383789,5.870566368103027
frame_000910.jpg,86.01776123046875,54.17839431762695,5.895226001739502
frame_000911.jpg,86.70226287841797,53.85167694091797,5.8258056640625
frame_000912.jpg,86.70069122314453,53.85123062133789,5.828171730041504
frame_000913.jpg,87.53614044189453,53.83140182495117,5.8287482261657715
frame_000914.jpg,88.28409576416016,53.609806060791016,5.810474872589111
frame_000915.jpg,89.41378021240234,53.25838088989258,5.834000587463379
frame_000916.jpg,92.34954071044922,52.327022552490234,5.869799613952637
frame_000917.jpg,92.34764099121094,52.32917022705078,5.874263286590576
frame_000918.jpg,94.0878677368164,51.57344055175781,5.786065101623535
frame_000919.jpg,96.42791748046875,50.737613677978516,5.8259382247924805
frame_000920.jpg,98.7708511352539,49.570098876953125,5.72098970413208
frame_000921.jpg,100.18929290771484,49.158966064453125,5.7200422286987305
frame_000922.jpg,100.37090301513672,48.73891067504883,5.537978172302246
frame_000923.jpg,98.6096420288086,48.20475387573242,5.580945014953613
frame_000924.jpg,98.54984283447266,48.21240997314453,5.589442253112793
frame_000925.jpg,98.80056762695312,48.35068893432617,5.634749889373779
frame_000926.jpg,98.79786682128906,48.35080337524414,5.641668319702148
frame_000927.jpg,98.69182586669922,48.39089584350586,5.64955997467041
frame_000928.jpg,98.6269760131836,48.38739013671875,5.660106658935547
frame_000929.jpg,98.61392211914062,48.35251235961914,5.651178359985352
frame_000930.jpg,98.59620666503906,48.3457145690918,5.653472900390625
frame_000931.jpg,98.61186981201172,48.33809280395508,5.647955894470215
frame_000932.jpg,98.61149597167969,48.33427810668945,5.645700931549072
frame_000933.jpg,98.62081909179688,48.32929229736328,5.643365859985352
frame_000934.jpg,98.61681365966797,48.32440185546875,5.645465850830078
frame_000935.jpg,98.62232971191406,48.303741455078125,5.647305011749268
frame_000936.jpg,98.6170425415039,48.295440673828125,5.651303768157959
frame_000937.jpg,98.61688995361328,48.295654296875,5.652547836303711
frame_000938.jpg,98.61561584472656,48.2906494140625,5.6514811515808105
frame_000939.jpg,98.62615966796875,48.28614044189453,5.652718544006348
frame_000940.jpg,98.58470916748047,48.26642608642578,5.653441905975342
frame_000941.jpg,98.53805541992188,48.23393249511719,5.652995586395264
frame_000942.jpg,98.53759765625,48.234134674072266,5.653684616088867
frame_000943.jpg,98.54692077636719,48.23622131347656,5.656935691833496
frame_000944.jpg,98.54902648925781,48.23522186279297,5.657752990722656
frame_000945.jpg,98.653564453125,48.24367141723633,5.671148300170898
frame_000946.jpg,99.1598892211914,48.38492202758789,5.7261199951171875
frame_000947.jpg,99.23640441894531,48.484703063964844,5.747157096862793
frame_000948.jpg,99.00540161132812,48.433040618896484,5.737278938293457
frame_000949.jpg,98.90225219726562,48.4892578125,5.750773906707764
frame_000950.jpg,98.90266418457031,48.489219665527344,5.753519058227539
frame_000951.jpg,98.8980712890625,48.48454284667969,5.750851631164551
frame_000952.jpg,98.89752960205078,48.48324203491211,5.750722885131836
frame_000953.jpg,98.87324523925781,48.4716796875,5.756375312805176
frame_000954.jpg,98.74783325195312,48.33995056152344,5.748438358306885
frame_000955.jpg,98.77772521972656,48.36351013183594,5.753429889678955
frame_000956.jpg,98.85806274414062,48.45216369628906,5.758148670196533
frame_000957.jpg,98.84393310546875,48.45058822631836,5.762142181396484
frame_000958.jpg,98.65382385253906,48.2758674621582,5.760390281677246
frame_000959.jpg,98.65226745605469,48.27452087402344,5.762550354003906
frame_000960.jpg,98.59156036376953,48.26040267944336,5.774320602416992
frame_000961.jpg,98.58804321289062,48.25826644897461,5.776829719543457
frame_000962.jpg,98.5880355834961,48.25832748413086,5.776829719543457
frame_000963.jpg,98.56729125976562,48.251834869384766,5.772866249084473
frame_000964.jpg,98.54534912109375,48.23865509033203,5.77590274810791
frame_000965.jpg,98.50798797607422,48.238155364990234,5.7913970947265625
frame_000966.jpg,98.50914764404297,48.23873519897461,5.7933669090271
frame_000967.jpg,98.49736022949219,48.23067092895508,5.7931928634643555
frame_000968.jpg,98.49729919433594,48.231014251708984,5.793591499328613
frame_000969.jpg,98.46121978759766,48.21537399291992,5.795695781707764
frame_000970.jpg,98.45427703857422,48.21002197265625,5.794482707977295
frame_000971.jpg,98.45405578613281,48.21064376831055,5.794605731964111
frame_000972.jpg,98.43782806396484,48.20241928100586,5.795639991760254
frame_000973.jpg,98.62464141845703,48.2598876953125,5.813994407653809
frame_000974.jpg,98.63622283935547,48.25911331176758,5.819819927215576
frame_000975.jpg,98.52607727050781,48.242061614990234,5.844353675842285
frame_000976.jpg,98.5132827758789,48.2396354675293,5.845377445220947
frame_000977.jpg,98.50676727294922,48.23590087890625,5.841843605041504
frame_000978.jpg,98.51191711425781,48.218658447265625,5.8489508628845215
frame_000979.jpg,98.93768310546875,48.27667236328125,5.855264186859131
frame_000980.jpg,99.19889068603516,48.372657775878906,5.830593109130859
frame_000981.jpg,99.83966064453125,48.48593521118164,5.8215532302856445
frame_000982.jpg,98.42225646972656,47.2830924987793,5.621601104736328
frame_000983.jpg,97.49015808105469,45.58114242553711,5.436570167541504
frame_000984.jpg,97.48998260498047,45.581905364990234,5.442119598388672
frame_000985.jpg,99.50132751464844,45.65598678588867,5.510047912597656
frame_000986.jpg,102.35772705078125,47.8126335144043,5.713115692138672
frame_000987.jpg,106.77474212646484,49.96477508544922,6.348374366760254
frame_000988.jpg,108.76700592041016,51.31892395019531,6.775360107421875
frame_000989.jpg,108.76696014404297,51.31882858276367,6.785731315612793
frame_000990.jpg,108.76854705810547,51.31929016113281,6.78780460357666
frame_000991.jpg,107.98262786865234,51.21179962158203,6.837015151977539
frame_000992.jpg,107.98188781738281,51.214351654052734,6.842738628387451
frame_000993.jpg,108.04175567626953,51.219539642333984,6.780529975891113
frame_000994.jpg,108.45076751708984,51.95447540283203,6.742999076843262
frame_000995.jpg,108.44889068603516,51.95881652832031,6.7481513023376465
frame_000996.jpg,108.53482818603516,52.33952713012695,6.777423858642578
frame_000997.jpg,107.91447448730469,52.08888626098633,6.796259880065918
frame_000998.jpg,102.3008041381836,51.44043731689453,6.8323259353637695
frame_000999.jpg,100.26988983154297,51.42421340942383,6.80415153503418
frame_001000.jpg,100.0663070678711,51.88186264038086,6.886510372161865
frame_001001.jpg,100.36431884765625,52.061561584472656,6.956667900085449
frame_001002.jpg,101.08739471435547,52.308563232421875,7.088462829589844
frame_001003.jpg,101.76200866699219,52.37114334106445,7.123934745788574
frame_001004.jpg,101.00858306884766,52.64375686645508,7.262146949768066
frame_001005.jpg,101.00171661376953,52.642826080322266,7.275096893310547
frame_001006.jpg,101.4402847290039,52.75822448730469,7.349447250366211
frame_001007.jpg,101.28407287597656,52.70481872558594,7.354365348815918
frame_001008.jpg,101.01216888427734,52.611289978027344,7.580870628356934
frame_001009.jpg,100.75558471679688,52.4663200378418,7.629775047302246
frame_001010.jpg,100.69532775878906,52.47986602783203,7.637166500091553
frame_001011.jpg,100.86128234863281,52.424415588378906,7.639733791351318
frame_001012.jpg,100.94837951660156,51.98550796508789,7.76050329208374
frame_001013.jpg,101.05780029296875,51.95515823364258,7.771667957305908
frame_001014.jpg,102.59526062011719,52.357303619384766,7.729536533355713
frame_001015.jpg,104.29470825195312,52.84944534301758,7.849283218383789
frame_001016.jpg,104.2877197265625,52.85231399536133,7.867495536804199
frame_001017.jpg,105.46339416503906,53.20330047607422,7.921374320983887
frame_001018.jpg,108.2235336303711,53.578800201416016,8.100101470947266
frame_001019.jpg,108.22120666503906,53.581302642822266,8.117115020751953
frame_001020.jpg,109.3847427368164,53.603275299072266,8.163344383239746
frame_001021.jpg,110.64330291748047,53.69941711425781,8.194003105163574
frame_001022.jpg,112.14315032958984,54.30076217651367,8.15898323059082
frame_001023.jpg,112.13951873779297,54.30370330810547,8.177424430847168
frame_001024.jpg,113.10150146484375,54.71480178833008,8.153268814086914
frame_001025.jpg,114.1495361328125,55.30629348754883,8.103096008300781
frame_001026.jpg,114.11551666259766,55.29315185546875,8.122177124023438
frame_001027.jpg,114.96073150634766,55.62746810913086,8.088916778564453
frame_001028.jpg,115.38473510742188,55.76003646850586,8.053153991699219
frame_001029.jpg,115.3807144165039,55.76054382324219,8.061569213867188
frame_001030.jpg,117.2969741821289,56.047420501708984,7.943619728088379
frame_001031.jpg,117.29326629638672,56.05589294433594,7.9661030769348145
frame_001032.jpg,113.69306182861328,55.8809700012207,8.080784797668457
frame_001033.jpg,108.10748291015625,55.52391815185547,8.13719367980957
frame_001034.jpg,108.10470581054688,55.534141540527344,8.167579650878906
frame_001035.jpg,108.4907455444336,55.684993743896484,8.098518371582031
frame_001036.jpg,109.26750183105469,55.90657043457031,7.999631881713867
frame_001037.jpg,110.42915344238281,56.07490158081055,7.994021415710449
frame_001038.jpg,110.42862701416016,56.07966232299805,8.010475158691406
frame_001039.jpg,111.45545959472656,56.26320266723633,8.024750709533691
frame_001040.jpg,112.46057891845703,56.292457580566406,8.188158988952637
frame_001041.jpg,114.67684936523438,57.19645690917969,8.147833824157715
frame_001042.jpg,114.66913604736328,57.19942092895508,8.165889739990234
frame_001043.jpg,114.7970962524414,57.171112060546875,7.941875457763672
frame_001044.jpg,114.78799438476562,57.17322540283203,7.968084335327148
frame_001045.jpg,114.78839874267578,57.17469787597656,7.9729719161987305
frame_001046.jpg,112.8259506225586,56.69060516357422,7.707367897033691
frame_001047.jpg,112.23941040039062,57.87864685058594,7.625223159790039
frame_001048.jpg,112.23847198486328,57.886356353759766,7.649139404296875
frame_001049.jpg,112.23985290527344,59.816558837890625,7.653024673461914
frame_001050.jpg,111.35933685302734,60.56678771972656,7.560671806335449
frame_001051.jpg,110.68368530273438,61.24446487426758,7.536657810211182
frame_001052.jpg,110.67926025390625,61.24691390991211,7.5519609451293945
frame_001053.jpg,111.87496185302734,62.70345687866211,7.505640029907227
frame_001054.jpg,111.87409210205078,62.7059326171875,7.519193172454834
frame_001055.jpg,113.20452117919922,63.045536041259766,7.461869716644287
frame_001056.jpg,113.19835662841797,63.05094528198242,7.479253768920898
frame_001057.jpg,119.67143249511719,64.27798461914062,7.437368869781494
frame_001058.jpg,111.16697692871094,62.85353088378906,7.459151268005371
frame_001059.jpg,110.25837707519531,57.2697639465332,6.4956512451171875
frame_001060.jpg,110.08944702148438,56.877098083496094,6.51291036605835
frame_001061.jpg,110.05459594726562,56.720184326171875,6.560573577880859
frame_001062.jpg,110.31649780273438,57.18851852416992,6.600790977478027
frame_001063.jpg,110.31532287597656,57.19114685058594,6.606842041015625
frame_001064.jpg,110.25353240966797,57.496585845947266,6.714356422424316
frame_001065.jpg,110.66716766357422,57.83604431152344,6.6992998123168945
frame_001066.jpg,112.22309875488281,58.267539978027344,6.7484049797058105
frame_001067.jpg,112.24600219726562,58.515743255615234,6.756406784057617
frame_001068.jpg,112.51571655273438,59.00254821777344,6.805537223815918
frame_001069.jpg,112.63984680175781,59.1906852722168,6.854719161987305
frame_001070.jpg,112.53986358642578,59.2523078918457,6.8582000732421875
frame_001071.jpg,112.53778076171875,59.25444412231445,6.86199426651001
frame_001072.jpg,112.49227142333984,59.198123931884766,6.853452682495117
frame_001073.jpg,112.36834716796875,59.14413833618164,6.891986846923828
frame_001074.jpg,112.31468963623047,59.05240249633789,6.901906967163086
frame_001075.jpg,115.36510467529297,57.001853942871094,6.2075276374816895
frame_001076.jpg,115.3623275756836,57.00410461425781,6.215486526489258
frame_001077.jpg,116.2957534790039,57.063453674316406,6.166489601135254
frame_001078.jpg,120.6762466430664,56.39594268798828,6.007075309753418
frame_001079.jpg,120.68031311035156,56.399173736572266,6.018041610717773
frame_001080.jpg,123.8057861328125,54.45183563232422,5.570108413696289
frame_001081.jpg,128.89268493652344,47.730987548828125,4.8848371505737305
frame_001082.jpg,128.8910675048828,47.73735046386719,4.889254093170166
frame_001083.jpg,140.22003173828125,48.83539581298828,5.0735015869140625
frame_001084.jpg,140.21595764160156,48.830623626708984,5.076574325561523
frame_001085.jpg,135.30812072753906,51.951881408691406,5.323930740356445
frame_001086.jpg,135.30686950683594,51.95372772216797,5.329564094543457
frame_001087.jpg,128.21282958984375,55.46067428588867,5.061398506164551
frame_001088.jpg,128.22686767578125,55.44548034667969,5.064544677734375
frame_001089.jpg,129.7183837890625,45.01259994506836,4.741336345672607
frame_001090.jpg,129.7239532470703,45.01856994628906,4.742983818054199
frame_001091.jpg,106.04691314697266,43.089332580566406,4.8829345703125
frame_001092.jpg,107.5701675415039,47.17711639404297,5.014871597290039
frame_001093.jpg,117.72390747070312,49.699729919433594,5.339714050292969
frame_001094.jpg,117.72393798828125,49.70329284667969,5.341809272766113
frame_001095.jpg,123.34989166259766,54.55372619628906,5.717082977294922
frame_001096.jpg,124.76069641113281,55.79151153564453,5.830805778503418
frame_001097.jpg,127.71839141845703,56.83598327636719,5.976737022399902
frame_001098.jpg,127.71920776367188,56.84033203125,5.9869537353515625
frame_001099.jpg,131.77186584472656,59.16736602783203,5.928906440734863
frame_001100.jpg,134.61349487304688,60.88536071777344,6.002216339111328
frame_001101.jpg,136.8253936767578,62.074058532714844,6.042468070983887
frame_001102.jpg,136.44143676757812,62.23616409301758,6.059247016906738
frame_001103.jpg,139.28968811035156,64.40093231201172,6.128486633300781
frame_001104.jpg,142.83078002929688,65.54761505126953,6.185671329498291
frame_001105.jpg,145.8751220703125,67.99546813964844,6.363797664642334
frame_001106.jpg,148.33013916015625,68.5124282836914,6.484607696533203
frame_001107.jpg,148.3280487060547,68.51141357421875,6.495898246765137
frame_001108.jpg,150.49053955078125,70.45905303955078,6.562016487121582
frame_001109.jpg,141.1028594970703,52.119163513183594,5.540892601013184
frame_001110.jpg,145.99484252929688,51.77925109863281,5.468161582946777
frame_001111.jpg,141.95440673828125,49.77958679199219,5.532261371612549
frame_001112.jpg,160.70510864257812,57.28550720214844,5.451888084411621
frame_001113.jpg,154.1103973388672,53.65227127075195,5.259952545166016
frame_001114.jpg,143.72802734375,48.40892028808594,5.068115234375
frame_001115.jpg,130.53062438964844,44.848350524902344,4.965419769287109
frame_001116.jpg,130.5254669189453,44.852989196777344,4.967647552490234
frame_001117.jpg,149.3415069580078,51.88233947753906,5.50658655166626
frame_001118.jpg,149.3424072265625,51.883575439453125,5.511902809143066
frame_001119.jpg,134.8140106201172,51.008846282958984,5.474710464477539
frame_001120.jpg,138.4325408935547,54.54278564453125,5.995391845703125
frame_001121.jpg,138.43348693847656,54.551570892333984,6.00189208984375
frame_001122.jpg,140.20529174804688,58.71080780029297,6.542961597442627
frame_001123.jpg,142.40921020507812,65.99449920654297,6.574080467224121
frame_001124.jpg,135.63511657714844,64.52070617675781,6.73500919342041
frame_001125.jpg,133.89263916015625,64.11781311035156,6.9529595375061035
frame_001126.jpg,131.36199951171875,64.39861297607422,7.025748252868652
frame_001127.jpg,136.33291625976562,68.27564239501953,7.043150901794434
frame_001128.jpg,132.0503387451172,64.24808502197266,7.282461166381836
frame_001129.jpg,121.59967041015625,57.951351165771484,6.775091171264648
frame_001130.jpg,121.59868621826172,57.95608139038086,6.787726402282715
frame_001131.jpg,128.05859375,49.30314254760742,5.558392524719238
frame_001132.jpg,131.42050170898438,49.327789306640625,5.522250652313232
frame_001133.jpg,130.34555053710938,48.87080764770508,5.554081439971924
frame_001134.jpg,130.56996154785156,49.053043365478516,5.615785598754883
frame_001135.jpg,130.2113037109375,48.328460693359375,5.620846748352051
frame_001136.jpg,126.78411865234375,48.24799728393555,5.700392723083496
frame_001137.jpg,126.7763442993164,48.25106430053711,5.706557273864746
frame_001138.jpg,127.2239990234375,47.682220458984375,5.6454668045043945
frame_001139.jpg,126.42031860351562,47.25380325317383,5.643464088439941
frame_001140.jpg,126.41664123535156,47.254215240478516,5.645878791809082
frame_001141.jpg,126.50601959228516,47.135677337646484,5.673724174499512
frame_001142.jpg,128.58535766601562,47.58732604980469,5.669003963470459
frame_001143.jpg,129.08575439453125,47.651275634765625,5.693216800689697
frame_001144.jpg,129.07626342773438,47.64960479736328,5.69974422454834
frame_001145.jpg,128.8871307373047,47.693599700927734,5.702818393707275
frame_001146.jpg,128.88397216796875,47.695430755615234,5.7065348625183105
frame_001147.jpg,128.31260681152344,47.716468811035156,5.743877410888672
frame_001148.jpg,126.70451354980469,47.35380554199219,5.76094388961792
frame_001149.jpg,126.14110565185547,47.33420944213867,5.783516883850098
frame_001150.jpg,126.13668060302734,47.33620071411133,5.786686897277832
frame_001151.jpg,125.28321075439453,47.3990592956543,5.801008224487305
frame_001152.jpg,124.51648712158203,48.19870376586914,5.798768997192383
frame_001153.jpg,123.9754409790039,49.34886932373047,5.875432968139648
frame_001154.jpg,123.9981689453125,50.36429977416992,5.8795976638793945
frame_001155.jpg,123.76683807373047,51.62196350097656,5.959877014160156
frame_001156.jpg,124.11320495605469,52.649879455566406,5.991218566894531
frame_001157.jpg,124.34180450439453,53.27792739868164,5.915615081787109
frame_001158.jpg,124.48770141601562,53.98545837402344,5.920928955078125
frame_001159.jpg,122.07115936279297,54.56993103027344,5.891574859619141
frame_001160.jpg,122.23358154296875,55.148921966552734,5.945815563201904
frame_001161.jpg,121.93144989013672,55.500797271728516,5.989631175994873
frame_001162.jpg,122.13456726074219,56.029808044433594,5.956992149353027
frame_001163.jpg,121.70738983154297,56.582359313964844,5.874124526977539
frame_001164.jpg,121.32550811767578,56.550537109375,5.914026737213135
frame_001165.jpg,121.35081481933594,56.63954162597656,5.926965713500977
frame_001166.jpg,120.68721008300781,56.80721664428711,5.924686431884766
frame_001167.jpg,118.56838989257812,56.451744079589844,5.894750118255615
frame_001168.jpg,116.0878677368164,55.50080108642578,5.8363189697265625
frame_001169.jpg,115.72783660888672,55.34610366821289,5.828607559204102
frame_001170.jpg,116.2748031616211,55.97694396972656,5.801726341247559
frame_001171.jpg,116.27363586425781,55.979618072509766,5.807198524475098
frame_001172.jpg,116.35307312011719,56.34263229370117,5.783674240112305
frame_001173.jpg,116.93555450439453,56.68086242675781,5.793463706970215
frame_001174.jpg,118.83483123779297,57.227081298828125,5.726764678955078
frame_001175.jpg,121.7283935546875,56.00045394897461,5.876535415649414
frame_001176.jpg,122.2140884399414,56.1762809753418,5.908951759338379
frame_001177.jpg,122.1348648071289,55.704410552978516,5.92112922668457
frame_001178.jpg,122.9027328491211,54.77486038208008,5.8593645095825195
frame_001179.jpg,122.8945083618164,53.52410125732422,5.719771385192871
frame_001180.jpg,123.46868896484375,52.96855545043945,5.770308017730713
frame_001181.jpg,125.09815979003906,54.036224365234375,5.827042579650879
frame_001182.jpg,126.00194549560547,56.966495513916016,5.891664505004883
frame_001183.jpg,126.00249481201172,56.97107696533203,5.897473335266113
frame_001184.jpg,130.07154846191406,60.036041259765625,5.870344161987305
frame_001185.jpg,128.47561645507812,60.1498908996582,5.856508255004883
frame_001186.jpg,128.24374389648438,59.353450775146484,5.866791725158691
frame_001187.jpg,128.241943359375,59.3551139831543,5.87284517288208
frame_001188.jpg,127.10808563232422,59.82054138183594,5.911266326904297
frame_001189.jpg,136.90675354003906,65.50434875488281,6.258990287780762
frame_001190.jpg,141.9331817626953,69.94428253173828,6.202282428741455
frame_001191.jpg,141.9735565185547,70.45484924316406,6.230719566345215
frame_001192.jpg,139.9783935546875,69.60962677001953,6.394875526428223
frame_001193.jpg,138.93643188476562,69.8145980834961,6.540864944458008
frame_001194.jpg,136.40817260742188,69.11238861083984,6.656267166137695
frame_001195.jpg,133.2106475830078,68.41071319580078,6.817512512207031
frame_001196.jpg,131.80178833007812,68.22312927246094,6.835450172424316
frame_001197.jpg,131.23944091796875,68.40314483642578,6.865015983581543
frame_001198.jpg,131.23867797851562,68.40604400634766,6.871624946594238
frame_001199.jpg,128.35609436035156,68.35364532470703,6.921896934509277
frame_001200.jpg,127.10042572021484,68.43335723876953,6.9937591552734375
frame_001201.jpg,126.0661392211914,68.72283935546875,7.12032413482666
frame_001202.jpg,124.25638580322266,68.21342468261719,7.19944429397583
frame_001203.jpg,124.25328826904297,68.21682739257812,7.204099655151367
frame_001204.jpg,121.00410461425781,67.42485809326172,7.354653358459473
frame_001205.jpg,120.59767150878906,67.21454620361328,7.352643966674805
frame_001206.jpg,118.41716003417969,66.15589141845703,7.298851013183594
frame_001207.jpg,117.09898376464844,65.82242584228516,7.318546295166016
frame_001208.jpg,116.06098937988281,65.61944580078125,7.307669639587402
frame_001209.jpg,114.55339813232422,65.77406311035156,7.304590702056885
frame_001210.jpg,113.34642028808594,65.85000610351562,7.298271179199219
frame_001211.jpg,112.35079193115234,65.46793365478516,7.3202338218688965
frame_001212.jpg,111.60120391845703,65.30461883544922,7.382819175720215
frame_001213.jpg,110.4949722290039,65.03456115722656,7.43525505065918
frame_001214.jpg,109.32007598876953,64.7436752319336,7.491320610046387
frame_001215.jpg,109.31522369384766,64.74522399902344,7.497622966766357
frame_001216.jpg,107.77103424072266,64.46672821044922,7.538058757781982
frame_001217.jpg,107.3553237915039,64.4767837524414,7.529911041259766
frame_001218.jpg,107.02889251708984,64.49102783203125,7.5027923583984375
frame_001219.jpg,106.28491973876953,64.17807006835938,7.501686096191406
frame_001220.jpg,105.04986572265625,63.602420806884766,7.487569808959961
frame_001221.jpg,104.23616790771484,63.09524917602539,7.493619918823242
frame_001222.jpg,103.5295181274414,62.71213150024414,7.465531349182129
frame_001223.jpg,103.526611328125,62.71357727050781,7.471699237823486
frame_001224.jpg,102.44192504882812,62.07651138305664,7.50861930847168
frame_001225.jpg,102.44022369384766,62.07918930053711,7.518559455871582
frame_001226.jpg,101.00227355957031,60.897605895996094,7.477236747741699
frame_001227.jpg,100.66779327392578,60.53974914550781,7.492650032043457
frame_001228.jpg,100.07589721679688,60.02072525024414,7.490057468414307
frame_001229.jpg,100.07452392578125,60.023887634277344,7.497114658355713
frame_001230.jpg,98.89132690429688,59.09062194824219,7.586254119873047
frame_001231.jpg,98.89130401611328,59.09467315673828,7.603124618530273
frame_001232.jpg,98.3044204711914,58.60132598876953,7.558938980102539
frame_001233.jpg,98.30290222167969,58.6006965637207,7.564539432525635
frame_001234.jpg,97.96256256103516,58.338165283203125,7.536348342895508
frame_001235.jpg,97.82168579101562,58.256256103515625,7.550106048583984
frame_001236.jpg,97.92933654785156,58.21921920776367,7.527726650238037
frame_001237.jpg,98.03575897216797,58.296627044677734,7.579950332641602
frame_001238.jpg,98.44828033447266,58.52363204956055,7.548596382141113
frame_001239.jpg,98.57549285888672,58.491207122802734,7.519351959228516
frame_001240.jpg,98.57930755615234,58.45514678955078,7.550192832946777
frame_001241.jpg,99.01380157470703,58.556427001953125,7.551512718200684
frame_001242.jpg,99.20149993896484,58.50215148925781,7.542726516723633
frame_001243.jpg,99.23507690429688,58.568397521972656,7.5779523849487305
frame_001244.jpg,99.54608154296875,58.58631896972656,7.567656993865967
frame_001245.jpg,100.02388000488281,58.645503997802734,7.494460582733154
frame_001246.jpg,100.26654815673828,58.49477005004883,7.426136016845703
frame_001247.jpg,100.6939697265625,58.40571594238281,7.421631336212158
frame_001248.jpg,100.55813598632812,58.15822982788086,7.40378475189209
frame_001249.jpg,100.5571060180664,58.16112518310547,7.409602642059326
frame_001250.jpg,95.59325408935547,48.19212341308594,6.268214225769043
frame_001251.jpg,100.0702896118164,54.266571044921875,5.679234027862549
frame_001252.jpg,116.13568878173828,62.972015380859375,5.960480690002441
frame_001253.jpg,127.47109985351562,61.83839416503906,5.978111267089844
frame_001254.jpg,128.7677459716797,60.66277313232422,5.987126350402832
frame_001255.jpg,128.7664337158203,60.6674919128418,5.99553918838501
frame_001256.jpg,132.92144775390625,61.041446685791016,6.207771301269531
frame_001257.jpg,134.38748168945312,61.20472717285156,6.3369855880737305
frame_001258.jpg,136.15953063964844,61.03760528564453,6.4236040115356445
frame_001259.jpg,136.15786743164062,61.03997802734375,6.427875518798828
frame_001260.jpg,138.3723602294922,61.380836486816406,6.507791042327881
frame_001261.jpg,136.04556274414062,64.47562408447266,6.640334129333496
frame_001262.jpg,140.18870544433594,64.40735626220703,6.781780242919922
frame_001263.jpg,140.18618774414062,64.41138458251953,6.791835784912109
frame_001264.jpg,137.31655883789062,63.09401321411133,6.895501136779785
frame_001265.jpg,137.313232421875,63.09648132324219,6.904618263244629
frame_001266.jpg,137.4908905029297,62.13336181640625,6.9236931800842285
frame_001267.jpg,137.48748779296875,62.13570022583008,6.933476448059082
frame_001268.jpg,132.92713928222656,60.886173248291016,6.528642177581787
frame_001269.jpg,132.92620849609375,60.89089584350586,6.536761283874512
frame_001270.jpg,111.76915740966797,48.42695999145508,5.1227006912231445
frame_001271.jpg,111.76700592041016,48.431312561035156,5.128904819488525
frame_001272.jpg,113.64488983154297,52.0528678894043,5.753957748413086
frame_001273.jpg,112.81444549560547,54.26754379272461,6.068367004394531
frame_001274.jpg,112.44454956054688,54.657997131347656,6.127732276916504
frame_001275.jpg,111.76807403564453,54.966644287109375,6.152731418609619
frame_001276.jpg,111.14237213134766,55.27177047729492,6.173884391784668
frame_001277.jpg,110.39280700683594,55.53092575073242,6.272480010986328
frame_001278.jpg,110.38565826416016,55.528995513916016,6.2801833152771
frame_001279.jpg,110.08637237548828,55.49139404296875,6.329933166503906
frame_001280.jpg,107.89739227294922,55.87274932861328,6.419000625610352
frame_001281.jpg,107.89354705810547,55.874122619628906,6.426515102386475
frame_001282.jpg,106.57405853271484,55.18546676635742,6.348454475402832
frame_001283.jpg,107.16162872314453,55.98692321777344,6.330571174621582
frame_001284.jpg,105.30121612548828,55.057952880859375,6.210221290588379
frame_001285.jpg,105.29711151123047,55.06171798706055,6.221935749053955
frame_001286.jpg,101.24577331542969,53.86075973510742,6.26784086227417
frame_001287.jpg,101.24195861816406,53.86512756347656,6.279779434204102
frame_001288.jpg,99.6018295288086,53.91994857788086,6.318484783172607
frame_001289.jpg,97.9837646484375,53.91687774658203,6.361898422241211
frame_001290.jpg,97.626953125,53.615230560302734,6.338745594024658
frame_001291.jpg,97.62348937988281,53.61640548706055,6.3484039306640625
frame_001292.jpg,94.96375274658203,53.377479553222656,6.212435722351074
frame_001293.jpg,94.95816040039062,53.381187438964844,6.223740577697754
frame_001294.jpg,93.93863677978516,51.23139190673828,5.965804100036621
frame_001295.jpg,93.93460083007812,51.235111236572266,5.973518371582031
frame_001296.jpg,93.26016235351562,50.23406982421875,5.555422782897949
frame_001297.jpg,93.84091186523438,50.447689056396484,5.6087646484375
frame_001298.jpg,93.98734283447266,50.71283721923828,5.653509140014648
frame_001299.jpg,94.92054748535156,51.84627914428711,5.885912895202637
frame_001300.jpg,95.3960189819336,52.863216400146484,6.057306289672852
frame_001301.jpg,95.39384460449219,52.86515808105469,6.0663652420043945
frame_001302.jpg,95.95165252685547,53.211647033691406,6.218288898468018
frame_001303.jpg,95.72650909423828,53.03248977661133,6.2201080322265625
frame_001304.jpg,92.30205535888672,54.90596389770508,6.39382266998291
frame_001305.jpg,91.28643035888672,55.517677307128906,6.300476551055908
frame_001306.jpg,90.43768310546875,55.35757827758789,6.227958679199219
frame_001307.jpg,91.07858276367188,54.9235954284668,6.324916839599609
frame_001308.jpg,91.0792007446289,54.9290657043457,6.338584899902344
frame_001309.jpg,91.67064666748047,55.50821304321289,6.315556526184082
frame_001310.jpg,92.07562255859375,55.74010467529297,6.285000801086426
frame_001311.jpg,91.83552551269531,55.63994598388672,6.237884521484375
frame_001312.jpg,91.76862335205078,55.907997131347656,6.200992584228516
frame_001313.jpg,91.29017639160156,55.84151840209961,6.1998114585876465
frame_001314.jpg,91.4991683959961,55.80590057373047,6.187435150146484
frame_001315.jpg,91.96002960205078,56.011009216308594,6.207669258117676
frame_001316.jpg,90.18659973144531,58.20899200439453,6.208569049835205
frame_001317.jpg,90.19001770019531,58.21239471435547,6.218806266784668
frame_001318.jpg,88.56094360351562,59.37362289428711,6.206372261047363
frame_001319.jpg,89.66654205322266,58.25174331665039,6.172720432281494
frame_001320.jpg,91.96987915039062,56.163204193115234,6.218633651733398
frame_001321.jpg,91.97235870361328,56.16694641113281,6.2267255783081055
frame_001322.jpg,94.40379333496094,54.68486785888672,6.296375751495361
frame_001323.jpg,94.40409088134766,54.68471145629883,6.30244255065918
frame_001324.jpg,94.47523498535156,53.76807403564453,6.259314060211182
frame_001325.jpg,94.43523406982422,53.49736022949219,6.249233245849609
frame_001326.jpg,94.51077270507812,53.3818244934082,6.310956954956055
frame_001327.jpg,94.50748443603516,53.381832122802734,6.320101737976074
frame_001328.jpg,94.41139221191406,53.259429931640625,6.353818893432617
frame_001329.jpg,93.65718841552734,50.47228240966797,6.209659099578857
frame_001330.jpg,93.65234375,50.47362518310547,6.220811367034912
frame_001331.jpg,92.9025650024414,48.109046936035156,6.206318378448486
frame_001332.jpg,92.87371826171875,47.836429595947266,6.283041477203369
frame_001333.jpg,92.51416015625,47.38373565673828,6.238655090332031
frame_001334.jpg,93.05825805664062,47.074913024902344,6.224292755126953
frame_001335.jpg,93.53019714355469,47.02421188354492,6.272147178649902
frame_001336.jpg,93.52742004394531,47.02553939819336,6.281628131866455
frame_001337.jpg,93.35354614257812,47.21339797973633,6.333767890930176
frame_001338.jpg,93.34955596923828,47.215763092041016,6.3448638916015625
frame_001339.jpg,94.68002319335938,47.549346923828125,6.565552234649658
frame_001340.jpg,94.53919982910156,47.53373718261719,6.524048328399658
frame_001341.jpg,94.28103637695312,47.02773666381836,6.49320125579834
frame_001342.jpg,94.2791748046875,47.030582427978516,6.506594657897949
frame_001343.jpg,94.76073455810547,46.890167236328125,6.444001197814941
frame_001344.jpg,95.05963134765625,46.595001220703125,6.467002868652344
frame_001345.jpg,95.053955078125,46.59782791137695,6.4787211418151855
frame_001346.jpg,95.99842834472656,46.773807525634766,6.427584648132324
frame_001347.jpg,96.48805236816406,47.01651382446289,6.43471622467041
frame_001348.jpg,96.48504638671875,47.019691467285156,6.44484806060791
frame_001349.jpg,96.5881576538086,46.67303466796875,6.484542369842529
frame_001350.jpg,96.52923583984375,46.62580871582031,6.541948318481445
frame_001351.jpg,96.1557846069336,46.571128845214844,6.584641933441162
frame_001352.jpg,96.06983184814453,46.265960693359375,6.543650150299072
frame_001353.jpg,95.89871978759766,46.030433654785156,6.496513843536377
frame_001354.jpg,95.45850372314453,45.72294616699219,6.506706237792969
frame_001355.jpg,95.22016906738281,45.35750961303711,6.4830427169799805
frame_001356.jpg,94.79752349853516,45.028045654296875,6.490625858306885
frame_001357.jpg,94.44892120361328,44.91944122314453,6.519805431365967
frame_001358.jpg,93.85990142822266,44.78569412231445,6.506298542022705
frame_001359.jpg,93.3511734008789,44.662967681884766,6.507656574249268
frame_001360.jpg,92.10782623291016,43.74627685546875,5.884151458740234
frame_001361.jpg,92.01356506347656,44.811676025390625,5.869571685791016
frame_001362.jpg,99.58959197998047,55.54021072387695,5.735326766967773
frame_001363.jpg,118.1917495727539,71.5956802368164,5.808781623840332
frame_001364.jpg,138.40774536132812,74.62169647216797,5.77042818069458
frame_001365.jpg,160.57408142089844,72.93379211425781,6.204245090484619
frame_001366.jpg,175.44139099121094,65.6345443725586,6.283014297485352
frame_001367.jpg,174.3571319580078,65.54442596435547,6.394162178039551
frame_001368.jpg,174.355712890625,65.54805755615234,6.4051008224487305
frame_001369.jpg,173.7262725830078,65.43633270263672,6.637903213500977
frame_001370.jpg,173.0294189453125,65.45118713378906,6.7112884521484375
frame_001371.jpg,171.6107940673828,65.32679748535156,6.77741813659668
frame_001372.jpg,168.6214141845703,64.60302734375,6.924821853637695
frame_001373.jpg,164.1125030517578,63.23196029663086,7.01775598526001
frame_001374.jpg,164.17588806152344,63.52828598022461,7.0974836349487305
frame_001375.jpg,163.94459533691406,63.7655143737793,6.98345422744751
frame_001376.jpg,163.3798065185547,64.20946502685547,6.8675360679626465
frame_001377.jpg,164.7201690673828,64.14783477783203,6.763123989105225
frame_001378.jpg,165.21922302246094,64.3477554321289,6.660759925842285
frame_001379.jpg,166.26425170898438,64.90762329101562,6.378281593322754
frame_001380.jpg,171.11012268066406,64.27946472167969,5.995689392089844
frame_001381.jpg,171.1064910888672,64.28266143798828,6.001527786254883
frame_001382.jpg,176.11012268066406,62.38079833984375,5.782021522521973
frame_001383.jpg,176.6275634765625,62.500301361083984,5.673114776611328
frame_001384.jpg,176.62271118164062,62.50263977050781,5.679470062255859
frame_001385.jpg,177.6879119873047,63.30605697631836,5.636944770812988
frame_001386.jpg,177.6925811767578,62.97967529296875,5.401095867156982
frame_001387.jpg,174.03453063964844,63.18239974975586,5.5067548751831055
frame_001388.jpg,174.03224182128906,63.18851089477539,5.512182235717773
frame_001389.jpg,174.28330993652344,66.33683013916016,5.451430320739746
frame_001390.jpg,174.2709503173828,66.33799743652344,5.45560359954834
frame_001391.jpg,176.56167602539062,67.4749984741211,5.318881034851074
frame_001392.jpg,174.7169647216797,67.69026947021484,5.291585922241211
frame_001393.jpg,180.86697387695312,61.06639862060547,5.161983489990234
frame_001394.jpg,180.8649139404297,61.07082748413086,5.164028167724609
frame_001395.jpg,181.83615112304688,61.7989501953125,5.218701362609863
frame_001396.jpg,181.8339385986328,61.79759979248047,5.220639228820801
frame_001397.jpg,178.2942657470703,59.75680160522461,5.1628217697143555
frame_001398.jpg,174.5688018798828,57.2017822265625,5.127561569213867
frame_001399.jpg,174.1880340576172,56.04299545288086,4.996955871582031
frame_001400.jpg,172.8903350830078,55.37747573852539,4.886946678161621
frame_001401.jpg,173.6131134033203,55.221012115478516,4.673387050628662
frame_001402.jpg,173.61203002929688,55.222984313964844,4.673882961273193
frame_001403.jpg,171.31283569335938,54.62018585205078,4.667070388793945
frame_001404.jpg,167.16323852539062,54.30864715576172,4.653519630432129
frame_001405.jpg,167.0609893798828,54.789695739746094,4.640047073364258
frame_001406.jpg,167.05795288085938,54.79059600830078,4.640310764312744
frame_001407.jpg,169.62167358398438,55.9560661315918,4.674929618835449
frame_001408.jpg,169.625,55.95716094970703,4.674662113189697
frame_001409.jpg,170.15069580078125,56.687808990478516,4.725103855133057
frame_001410.jpg,167.27688598632812,56.609195709228516,4.995946884155273
frame_001411.jpg,166.86434936523438,56.5379753112793,5.014336585998535
frame_001412.jpg,166.88909912109375,56.549560546875,5.015902996063232
frame_001413.jpg,167.7394561767578,56.855224609375,5.023615837097168
frame_001414.jpg,168.4159698486328,57.07774353027344,5.021937370300293
frame_001415.jpg,168.4154510498047,57.12685012817383,5.031511306762695
frame_001416.jpg,168.65049743652344,57.258358001708984,5.040306568145752
frame_001417.jpg,166.5986785888672,56.65753173828125,5.079281806945801
frame_001418.jpg,164.60922241210938,56.08784103393555,5.105461120605469
frame_001419.jpg,164.3217010498047,56.24709701538086,5.180882453918457
frame_001420.jpg,164.31752014160156,56.250938415527344,5.182055473327637
frame_001421.jpg,164.18101501464844,56.69199752807617,5.250069618225098
frame_001422.jpg,158.05462646484375,55.6927490234375,5.375871658325195
frame_001423.jpg,135.09780883789062,58.71977996826172,6.170449256896973
frame_001424.jpg,135.09254455566406,58.72755432128906,6.178648948669434
frame_001425.jpg,127.46404266357422,59.06998062133789,6.254335403442383
frame_001426.jpg,123.97044372558594,59.59367370605469,6.311193466186523
frame_001427.jpg,120.00992584228516,58.5955924987793,6.425864219665527
frame_001428.jpg,118.92034149169922,58.696346282958984,6.58187198638916
frame_001429.jpg,116.68463897705078,58.279579162597656,6.6140289306640625
frame_001430.jpg,116.72075653076172,58.34290313720703,6.515714645385742
frame_001431.jpg,141.7133331298828,67.76280975341797,6.382149696350098
frame_001432.jpg,141.26641845703125,67.58026885986328,6.383216857910156
frame_001433.jpg,155.20379638671875,64.42012023925781,6.296138763427734
frame_001434.jpg,149.3729705810547,63.1402587890625,6.532525062561035
frame_001435.jpg,150.53775024414062,64.39655303955078,6.58712911605835
frame_001436.jpg,149.53807067871094,63.98379135131836,6.817623138427734
frame_001437.jpg,149.29031372070312,63.602691650390625,6.977694511413574
frame_001438.jpg,149.81503295898438,63.852237701416016,7.012323379516602
frame_001439.jpg,153.62741088867188,64.57745361328125,6.844165802001953
frame_001440.jpg,153.34033203125,64.72783660888672,6.885129451751709
frame_001441.jpg,151.8209686279297,63.91694259643555,7.307808876037598
frame_001442.jpg,145.51690673828125,62.478515625,7.2769622802734375
frame_001443.jpg,148.81288146972656,62.26432800292969,7.135510444641113
frame_001444.jpg,134.6635284423828,67.11194610595703,7.018393039703369
frame_001445.jpg,128.81983947753906,65.2957534790039,6.9632463455200195
frame_001446.jpg,113.05595397949219,61.18177032470703,7.400988578796387
frame_001447.jpg,113.05145263671875,61.19300079345703,7.429430961608887
frame_001448.jpg,112.38494110107422,60.991737365722656,7.470125198364258
frame_001449.jpg,112.61762237548828,61.00129318237305,7.527700901031494
frame_001450.jpg,111.46905517578125,60.47003173828125,7.543525695800781
frame_001451.jpg,110.72981262207031,60.058837890625,7.529048919677734
frame_001452.jpg,109.28070831298828,59.71992111206055,7.500697135925293
frame_001453.jpg,107.85569763183594,59.02610778808594,7.428067207336426
frame_001454.jpg,106.7618179321289,59.44546890258789,7.2898736000061035
frame_001455.jpg,106.29954528808594,59.20909881591797,7.269615173339844
frame_001456.jpg,106.29998779296875,59.21015930175781,7.275605201721191
frame_001457.jpg,107.25979614257812,56.22515106201172,6.735962867736816
frame_001458.jpg,106.23319244384766,55.82796859741211,6.68314266204834
frame_001459.jpg,105.03478240966797,55.53369903564453,6.697926044464111
frame_001460.jpg,103.88402557373047,55.30500030517578,6.677572250366211
frame_001461.jpg,102.97795104980469,55.20808029174805,6.624266624450684
frame_001462.jpg,102.65632629394531,55.47681427001953,6.677109718322754
frame_001463.jpg,102.90109252929688,56.23625183105469,6.713756561279297
frame_001464.jpg,102.8980712890625,56.75400161743164,6.785407066345215
frame_001465.jpg,102.6407699584961,57.2584342956543,6.959089279174805
frame_001466.jpg,102.246337890625,57.4949836730957,7.02790641784668
frame_001467.jpg,103.74677276611328,55.85498046875,6.831817626953125
frame_001468.jpg,103.91555786132812,55.98094177246094,6.837629318237305
frame_001469.jpg,104.88784790039062,56.478092193603516,6.822492599487305
frame_001470.jpg,104.88817596435547,56.480224609375,6.830522537231445
frame_001471.jpg,105.46720123291016,56.71037292480469,6.879167556762695
frame_001472.jpg,106.18299865722656,56.988624572753906,6.8593292236328125
frame_001473.jpg,106.76583099365234,57.22565841674805,6.817630767822266
frame_001474.jpg,107.15035247802734,57.317779541015625,6.835984706878662
frame_001475.jpg,107.14730834960938,57.31888198852539,6.845782279968262
frame_001476.jpg,108.80108642578125,58.40520095825195,6.903923034667969
frame_001477.jpg,110.32836151123047,59.40336227416992,6.901998519897461
frame_001478.jpg,111.09489440917969,59.75170135498047,6.887177467346191
frame_001479.jpg,111.16192626953125,59.734676361083984,6.891639709472656
frame_001480.jpg,112.11111450195312,60.37556457519531,6.9226531982421875
frame_001481.jpg,112.97051239013672,60.475059509277344,6.929126739501953
frame_001482.jpg,114.20706939697266,60.74012756347656,6.822525978088379
frame_001483.jpg,117.3675765991211,60.45698928833008,6.445693016052246
frame_001484.jpg,130.77374267578125,66.55479431152344,6.609967231750488
frame_001485.jpg,152.32867431640625,64.64356231689453,6.790029048919678
frame_001486.jpg,153.48928833007812,65.39598846435547,7.017064094543457
frame_001487.jpg,150.12098693847656,64.3867416381836,7.024576187133789
frame_001488.jpg,151.64102172851562,66.5766830444336,7.124974250793457
frame_001489.jpg,151.6770782470703,66.57141876220703,7.13372802734375
frame_001490.jpg,151.83253479003906,66.4676513671875,7.229671478271484
frame_001491.jpg,151.18080139160156,66.0361328125,7.270175457000732
frame_001492.jpg,149.8562774658203,66.22102355957031,7.05148458480835
frame_001493.jpg,139.47579956054688,67.28901672363281,6.863129138946533
frame_001494.jpg,139.47705078125,67.29572296142578,6.875524520874023
frame_001495.jpg,146.56124877929688,69.31720733642578,6.681920051574707
frame_001496.jpg,149.59027099609375,68.72480010986328,6.5640692710876465
frame_001497.jpg,146.20382690429688,67.97283172607422,6.587851524353027
frame_001498.jpg,147.92880249023438,68.72586822509766,6.602936744689941
frame_001499.jpg,145.1185760498047,67.94851684570312,6.1805195808410645
frame_001500.jpg,145.11776733398438,67.95380401611328,6.190408229827881
frame_001501.jpg,132.86099243164062,62.44055938720703,5.849677562713623
frame_001502.jpg,132.86061096191406,62.44269943237305,5.853776931762695
frame_001503.jpg,128.52613830566406,59.06974792480469,5.891271591186523
frame_001504.jpg,121.94961547851562,55.36570358276367,5.7583160400390625
frame_001505.jpg,114.7577896118164,53.94579315185547,5.802761554718018
frame_001506.jpg,113.86968994140625,54.4666748046875,5.87954044342041
frame_001507.jpg,113.54159545898438,55.552982330322266,5.906892776489258
frame_001508.jpg,113.53726196289062,55.5571403503418,5.913640975952148
frame_001509.jpg,113.43408966064453,58.0009880065918,5.877730369567871
frame_001510.jpg,115.58976745605469,58.813987731933594,5.901474952697754
frame_001511.jpg,115.5487060546875,58.83842849731445,5.907246112823486
frame_001512.jpg,115.71318054199219,59.365623474121094,5.964114189147949
frame_001513.jpg,113.56500244140625,59.76418685913086,5.95465087890625
frame_001514.jpg,112.23773193359375,58.55703353881836,5.914891242980957
frame_001515.jpg,110.31399536132812,57.59970474243164,5.961240768432617
frame_001516.jpg,108.11455535888672,56.72278594970703,6.0942559242248535
frame_001517.jpg,107.56542205810547,56.71355056762695,6.188037872314453
frame_001518.jpg,107.5669937133789,56.71542739868164,6.197927951812744
frame_001519.jpg,107.08294677734375,57.06886291503906,6.231171607971191
frame_001520.jpg,107.08328247070312,57.07175827026367,6.236387252807617
frame_001521.jpg,105.78108978271484,57.80238723754883,6.503133296966553
frame_001522.jpg,105.88751220703125,57.84756088256836,6.510440826416016
frame_001523.jpg,105.54950714111328,57.84959411621094,6.530117034912109
frame_001524.jpg,105.64608001708984,57.900428771972656,6.5390825271606445
frame_001525.jpg,104.64485168457031,58.66596984863281,6.630767822265625
frame_001526.jpg,104.64502716064453,58.666831970214844,6.632312774658203
frame_001527.jpg,104.90718078613281,58.859107971191406,6.661955833435059
frame_001528.jpg,105.07646942138672,58.72767639160156,6.6903605461120605
frame_001529.jpg,105.54631805419922,58.678192138671875,6.682873249053955
frame_001530.jpg,105.54283905029297,58.67996597290039,6.687368392944336
frame_001531.jpg,104.73326110839844,58.12617111206055,6.652093887329102
frame_001532.jpg,104.72799682617188,58.12723159790039,6.658196449279785
frame_001533.jpg,104.46955108642578,57.90724182128906,6.6800336837768555
frame_001534.jpg,104.08895111083984,57.753292083740234,6.653407096862793
frame_001535.jpg,103.6658706665039,57.764774322509766,6.680730819702148
frame_001536.jpg,103.43932342529297,57.80641174316406,6.712693214416504
frame_001537.jpg,103.42044067382812,58.00157928466797,6.72313117980957
frame_001538.jpg,103.49898529052734,58.04763412475586,6.729156494140625
frame_001539.jpg,103.25690460205078,57.90957260131836,6.737590789794922
frame_001540.jpg,103.3538589477539,57.95935821533203,6.7483062744140625
frame_001541.jpg,103.45632934570312,58.068634033203125,6.745361328125
frame_001542.jpg,103.45405578613281,58.069583892822266,6.748915195465088
frame_001543.jpg,104.01660919189453,58.380760192871094,6.765347480773926
frame_001544.jpg,104.09620666503906,58.426639556884766,6.773101806640625
frame_001545.jpg,103.91422271728516,58.2001838684082,6.7531208992004395
frame_001546.jpg,103.91416931152344,58.20040512084961,6.75508451461792
frame_001547.jpg,103.89302062988281,58.19668960571289,6.741670608520508
frame_001548.jpg,103.89298248291016,58.195777893066406,6.742730140686035
frame_001549.jpg,104.01480102539062,58.111000061035156,6.822122573852539
frame_001550.jpg,104.0087661743164,58.11064910888672,6.839264869689941
frame_001551.jpg,103.9543685913086,58.14271545410156,6.847552299499512
frame_001552.jpg,104.0387191772461,58.15770721435547,6.845100402832031
frame_001553.jpg,104.04951477050781,58.140262603759766,6.857455253601074
frame_001554.jpg,104.0481185913086,58.14057922363281,6.862166404724121
frame_001555.jpg,104.12925720214844,58.087825775146484,6.919070243835449
frame_001556.jpg,104.12876892089844,58.08869171142578,6.920856475830078
frame_001557.jpg,103.8789291381836,58.15637969970703,6.9361395835876465
frame_001558.jpg,103.76557922363281,58.188114166259766,6.953558444976807
frame_001559.jpg,103.7647476196289,58.18877029418945,6.954412460327148
frame_001560.jpg,103.73583984375,58.205326080322266,6.967716217041016
frame_001561.jpg,103.83091735839844,58.16791534423828,6.97969388961792
frame_001562.jpg,103.8310317993164,58.16773223876953,6.98169469833374
frame_001563.jpg,103.81297302246094,58.17094039916992,7.007889270782471
frame_001564.jpg,103.81118774414062,58.17152404785156,7.010027885437012
frame_001565.jpg,104.06563568115234,58.025962829589844,7.020500183105469
frame_001566.jpg,104.0650863647461,58.02735137939453,7.022611618041992
frame_001567.jpg,104.1854019165039,57.94036865234375,7.016552925109863
frame_001568.jpg,104.23949432373047,57.87074661254883,7.025635719299316
frame_001569.jpg,104.25235748291016,57.759666442871094,7.049164772033691
frame_001570.jpg,104.24958038330078,57.75843048095703,7.0537614822387695
frame_001571.jpg,104.19972229003906,57.71887969970703,7.05014705657959
frame_001572.jpg,104.19935607910156,57.71897888183594,7.050642490386963
frame_001573.jpg,103.83547973632812,57.93764114379883,7.039675712585449
frame_001574.jpg,103.83416748046875,57.938228607177734,7.0410261154174805
frame_001575.jpg,104.01688385009766,58.125858306884766,7.037753105163574
frame_001576.jpg,104.01494598388672,58.127166748046875,7.039609909057617
frame_001577.jpg,104.02035522460938,58.12055969238281,7.055427074432373
frame_001578.jpg,103.6895523071289,58.25336456298828,7.089609622955322
frame_001579.jpg,103.38434600830078,58.37874221801758,7.105498313903809
frame_001580.jpg,103.24591827392578,58.36898422241211,7.1288251876831055
frame_001581.jpg,103.11621856689453,58.35338592529297,7.153159141540527
frame_001582.jpg,103.11507415771484,58.353267669677734,7.155313491821289
frame_001583.jpg,102.85531616210938,58.13274383544922,7.141940593719482
